id,mask,thongtin,image,nu,nam,dotuoi,danam,danu,ngswap,vtrinam,tomLuocText
1,DDC,Christmas Day,https://github.com/Tozivn/futurelove/blob/main/26_Christmas%20face14/img396.jpg?raw=true,https://github.com/Tozivn/futurelove/blob/main/26_Christmas%20face14/img396.jpg?raw=true,0,23					
2,DDC,Christmas Day,https://github.com/Tozivn/futurelove/blob/main/26_Christmas%20face14/img397.jpg?raw=true,https://github.com/Tozivn/futurelove/blob/main/26_Christmas%20face14/img397.jpg?raw=true,0,23					
3,DDC,Christmas Day,https://github.com/Tozivn/futurelove/blob/main/26_Christmas%20face14/img398.jpg?raw=true,https://github.com/Tozivn/futurelove/blob/main/26_Christmas%20face14/img398.jpg?raw=true,0,23					
4,DDC,Christmas Day,https://github.com/Tozivn/futurelove/blob/main/26_Christmas%20face14/img400.jpg?raw=true,https://github.com/Tozivn/futurelove/blob/main/26_Christmas%20face14/img400.jpg?raw=true,0,20					
5,DDC,Christmas Day,https://github.com/Tozivn/futurelove/blob/main/27_Christmas%20face15/img401.jpg?raw=true,https://github.com/Tozivn/futurelove/blob/main/27_Christmas%20face15/img401.jpg?raw=true,0,20					
6,DDC,Christmas Day,https://github.com/Tozivn/futurelove/blob/main/27_Christmas%20face15/img402.jpg?raw=true,https://github.com/Tozivn/futurelove/blob/main/27_Christmas%20face15/img402.jpg?raw=true,0,20					
7,DDC,Christmas Day,https://github.com/Tozivn/futurelove/blob/main/27_Christmas%20face15/img403.jpg?raw=true,https://github.com/Tozivn/futurelove/blob/main/27_Christmas%20face15/img403.jpg?raw=true,0,20					
8,DDC,Christmas Day,https://github.com/Tozivn/futurelove/blob/main/27_Christmas%20face15/img404.jpg?raw=true,https://github.com/Tozivn/futurelove/blob/main/27_Christmas%20face15/img404.jpg?raw=true,0,20					
9,DDC,Christmas Day,https://github.com/Tozivn/futurelove/blob/main/27_Christmas%20face15/img407.jpg?raw=true,https://github.com/Tozivn/futurelove/blob/main/27_Christmas%20face15/img407.jpg?raw=true,0,19					
10,DDC,Christmas Day,https://github.com/Tozivn/futurelove/blob/main/27_Christmas%20face15/img408.jpg?raw=true,https://github.com/Tozivn/futurelove/blob/main/27_Christmas%20face15/img408.jpg?raw=true,0,19					
11,DDC,Christmas Day,https://github.com/Tozivn/futurelove/blob/main/27_Christmas%20face15/img409.jpg?raw=true,https://github.com/Tozivn/futurelove/blob/main/27_Christmas%20face15/img409.jpg?raw=true,0,19					
12,DDC,Christmas Day,https://github.com/Tozivn/futurelove/blob/main/27_Christmas%20face15/img410.jpg?raw=true,https://github.com/Tozivn/futurelove/blob/main/27_Christmas%20face15/img410.jpg?raw=true,0,19					
13,DDC,Christmas Day,https://github.com/Tozivn/futurelove/blob/main/27_Christmas%20face15/img412.jpg?raw=true,https://github.com/Tozivn/futurelove/blob/main/27_Christmas%20face15/img412.jpg?raw=true,0,25					
14,DDC,Christmas Day,https://github.com/Tozivn/futurelove/blob/main/27_Christmas%20face15/img413.jpg?raw=true,https://github.com/Tozivn/futurelove/blob/main/27_Christmas%20face15/img413.jpg?raw=true,0,25					
15,DDC,Christmas Day,https://github.com/Tozivn/futurelove/blob/main/27_Christmas%20face15/img414.jpg?raw=true,https://github.com/Tozivn/futurelove/blob/main/27_Christmas%20face15/img414.jpg?raw=true,0,25					
16,DDC,Christmas Day,https://github.com/Tozivn/futurelove/blob/main/27_Christmas%20face15/img415.jpg?raw=true,https://github.com/Tozivn/futurelove/blob/main/27_Christmas%20face15/img415.jpg?raw=true,0,22					
17,DDC,Christmas Day,https://github.com/Tozivn/futurelove/blob/main/27_Christmas%20face15/img416.jpg?raw=true,https://github.com/Tozivn/futurelove/blob/main/27_Christmas%20face15/img416.jpg?raw=true,0,22					
18,DDC,Christmas Day,https://github.com/Tozivn/futurelove/blob/main/27_Christmas%20face15/img417.jpg?raw=true,https://github.com/Tozivn/futurelove/blob/main/27_Christmas%20face15/img417.jpg?raw=true,0,22					
19,DDC,Christmas Day,https://github.com/Tozivn/futurelove/blob/main/27_Christmas%20face15/img418.jpg?raw=true,https://github.com/Tozivn/futurelove/blob/main/27_Christmas%20face15/img418.jpg?raw=true,0,22					
20,DDC,Christmas Day,https://github.com/Tozivn/futurelove/blob/main/27_Christmas%20face15/img421.jpg?raw=true,https://github.com/Tozivn/futurelove/blob/main/27_Christmas%20face15/img421.jpg?raw=true,0,21					
21,DDC,Christmas Day,https://github.com/Tozivn/futurelove/blob/main/27_Christmas%20face15/img422.jpg?raw=true,https://github.com/Tozivn/futurelove/blob/main/27_Christmas%20face15/img422.jpg?raw=true,0,21					
22,DDC,Christmas Day,https://github.com/Tozivn/futurelove/blob/main/27_Christmas%20face15/img423.jpg?raw=true,https://github.com/Tozivn/futurelove/blob/main/27_Christmas%20face15/img423.jpg?raw=true,0,21					
23,DDC,Christmas Day,https://github.com/Tozivn/futurelove/blob/main/27_Christmas%20face15/img424.jpg?raw=true,https://github.com/Tozivn/futurelove/blob/main/27_Christmas%20face15/img424.jpg?raw=true,0,21					
24,DDC,Christmas Day,https://github.com/Tozivn/futurelove/blob/main/27_Christmas%20face15/img425.jpg?raw=true,https://github.com/Tozivn/futurelove/blob/main/27_Christmas%20face15/img425.jpg?raw=true,0,21					
25,DDC,Christmas Day,https://github.com/Tozivn/futurelove/blob/main/27_Christmas%20face15/img427.jpg?raw=true,https://github.com/Tozivn/futurelove/blob/main/27_Christmas%20face15/img427.jpg?raw=true,0,26					
26,DDC,Christmas Day,https://github.com/Tozivn/futurelove/blob/main/27_Christmas%20face15/img428.jpg?raw=true,https://github.com/Tozivn/futurelove/blob/main/27_Christmas%20face15/img428.jpg?raw=true,0,26					
27,DDC,Christmas Day,https://github.com/Tozivn/futurelove/blob/main/27_Christmas%20face15/img429.jpg?raw=true,https://github.com/Tozivn/futurelove/blob/main/27_Christmas%20face15/img429.jpg?raw=true,0,26					
28,DDC,Christmas Day,https://github.com/Tozivn/futurelove/blob/main/27_Christmas%20face15/img434.jpg?raw=true,https://github.com/Tozivn/futurelove/blob/main/27_Christmas%20face15/img434.jpg?raw=true,0,26					
29,DDC,Christmas Day,https://github.com/Tozivn/futurelove/blob/main/27_Christmas%20face15/img435.jpg?raw=true,https://github.com/Tozivn/futurelove/blob/main/27_Christmas%20face15/img435.jpg?raw=true,0,19					
30,DDC,Christmas Day,https://github.com/Tozivn/futurelove/blob/main/27_Christmas%20face15/img436.jpg?raw=true,https://github.com/Tozivn/futurelove/blob/main/27_Christmas%20face15/img436.jpg?raw=true,0,19					
31,DDC,Christmas Day,https://github.com/Tozivn/futurelove/blob/main/27_Christmas%20face15/img437.jpg?raw=true,https://github.com/Tozivn/futurelove/blob/main/27_Christmas%20face15/img437.jpg?raw=true,0,19					
32,DDC,Christmas Day,https://github.com/Tozivn/futurelove/blob/main/27_Christmas%20face15/img438.jpg?raw=true,https://github.com/Tozivn/futurelove/blob/main/27_Christmas%20face15/img438.jpg?raw=true,0,23					
33,DDC,Christmas Day,https://github.com/Tozivn/futurelove/blob/main/27_Christmas%20face15/img439.jpg?raw=true,https://github.com/Tozivn/futurelove/blob/main/27_Christmas%20face15/img439.jpg?raw=true,0,23					
34,DDC,Christmas Day,https://github.com/Tozivn/futurelove/blob/main/27_Christmas%20face15/img440.jpg?raw=true,https://github.com/Tozivn/futurelove/blob/main/27_Christmas%20face15/img440.jpg?raw=true,0,23					
35,DDC,Christmas Day,https://github.com/Tozivn/futurelove/blob/main/27_Christmas%20face15/img443.jpg?raw=true,https://github.com/Tozivn/futurelove/blob/main/27_Christmas%20face15/img443.jpg?raw=true,0,26					
36,DDC,Christmas Day,https://github.com/Tozivn/futurelove/blob/main/27_Christmas%20face15/img444.jpg?raw=true,https://github.com/Tozivn/futurelove/blob/main/27_Christmas%20face15/img444.jpg?raw=true,0,26					
37,DDC,Christmas Day,https://github.com/Tozivn/futurelove/blob/main/27_Christmas%20face15/img445.jpg?raw=true,https://github.com/Tozivn/futurelove/blob/main/27_Christmas%20face15/img445.jpg?raw=true,0,26					
38,DDC,Christmas Day,https://github.com/Tozivn/futurelove/blob/main/27_Christmas%20face15/img446.jpg?raw=true,https://github.com/Tozivn/futurelove/blob/main/27_Christmas%20face15/img446.jpg?raw=true,0,24					
39,DDC,Christmas Day,https://github.com/Tozivn/futurelove/blob/main/27_Christmas%20face15/img447.jpg?raw=true,https://github.com/Tozivn/futurelove/blob/main/27_Christmas%20face15/img447.jpg?raw=true,0,24					
40,DDC,Christmas Day,https://github.com/Tozivn/futurelove/blob/main/27_Christmas%20face15/img448.jpg?raw=true,https://github.com/Tozivn/futurelove/blob/main/27_Christmas%20face15/img448.jpg?raw=true,0,24					
41,DDC,Christmas Day,https://github.com/Tozivn/futurelove/blob/main/27_Christmas%20face15/img449.jpg?raw=true,https://github.com/Tozivn/futurelove/blob/main/27_Christmas%20face15/img449.jpg?raw=true,0,24					
42,DDC,Christmas Day,https://github.com/Tozivn/futurelove/blob/main/28_Christmas%20face16/img501.jpg?raw=true,https://github.com/Tozivn/futurelove/blob/main/28_Christmas%20face16/img501.jpg?raw=true,0,22					
43,DDC,Christmas Day,https://github.com/Tozivn/futurelove/blob/main/28_Christmas%20face16/img502.jpg?raw=true,https://github.com/Tozivn/futurelove/blob/main/28_Christmas%20face16/img502.jpg?raw=true,0,22					
44,DDC,Christmas Day,https://github.com/Tozivn/futurelove/blob/main/28_Christmas%20face16/img503.jpg?raw=true,https://github.com/Tozivn/futurelove/blob/main/28_Christmas%20face16/img503.jpg?raw=true,0,22					
45,DDC,Christmas Day,https://github.com/Tozivn/futurelove/blob/main/28_Christmas%20face16/img504.jpg?raw=true,https://github.com/Tozivn/futurelove/blob/main/28_Christmas%20face16/img504.jpg?raw=true,0,23					
46,DDC,Christmas Day,https://github.com/Tozivn/futurelove/blob/main/28_Christmas%20face16/img505.jpg?raw=true,https://github.com/Tozivn/futurelove/blob/main/28_Christmas%20face16/img505.jpg?raw=true,0,23					
47,DDC,Christmas Day,https://github.com/Tozivn/futurelove/blob/main/28_Christmas%20face16/img506.jpg?raw=true,https://github.com/Tozivn/futurelove/blob/main/28_Christmas%20face16/img506.jpg?raw=true,0,21					
48,DDC,Christmas Day,https://github.com/Tozivn/futurelove/blob/main/28_Christmas%20face16/img507.jpg?raw=true,https://github.com/Tozivn/futurelove/blob/main/28_Christmas%20face16/img507.jpg?raw=true,0,21					
49,DDC,Christmas Day,https://github.com/Tozivn/futurelove/blob/main/28_Christmas%20face16/img508.jpg?raw=true,https://github.com/Tozivn/futurelove/blob/main/28_Christmas%20face16/img508.jpg?raw=true,0,21					
50,DDC,Christmas Day,https://github.com/Tozivn/futurelove/blob/main/28_Christmas%20face16/img509.jpg?raw=true,https://github.com/Tozivn/futurelove/blob/main/28_Christmas%20face16/img509.jpg?raw=true,0,21					