id,mask,thongtin,image,nu,nam,dotuoi,danam,danu,ngswap,vtrinam,tomLuocText
1,DDC,Christmas Day,https://github.com/Tozivn/futurelove/blob/main/23_Christmas%20face11/img209.jpg?raw=true,https://github.com/Tozivn/futurelove/blob/main/23_Christmas%20face11/img209.jpg?raw=true,0,2					
2,DDC,Christmas Day,https://github.com/Tozivn/futurelove/blob/main/23_Christmas%20face11/img210.jpg?raw=true,https://github.com/Tozivn/futurelove/blob/main/23_Christmas%20face11/img210.jpg?raw=true,0,2					
3,DDC,Christmas Day,https://github.com/Tozivn/futurelove/blob/main/23_Christmas%20face11/img211.jpg?raw=true,https://github.com/Tozivn/futurelove/blob/main/23_Christmas%20face11/img211.jpg?raw=true,0,2					
4,DDC,Christmas Day,https://github.com/Tozivn/futurelove/blob/main/23_Christmas%20face11/img212.jpg?raw=true,https://github.com/Tozivn/futurelove/blob/main/23_Christmas%20face11/img212.jpg?raw=true,0,2					
5,DDC,Christmas Day,https://github.com/Tozivn/futurelove/blob/main/23_Christmas%20face11/img213.jpg?raw=true,0,https://github.com/Tozivn/futurelove/blob/main/23_Christmas%20face11/img213.jpg?raw=true,3					
6,DDC,Christmas Day,https://github.com/Tozivn/futurelove/blob/main/23_Christmas%20face11/img214.jpg?raw=true,0,https://github.com/Tozivn/futurelove/blob/main/23_Christmas%20face11/img214.jpg?raw=true,3					
7,DDC,Christmas Day,https://github.com/Tozivn/futurelove/blob/main/23_Christmas%20face11/img215.jpg?raw=true,0,https://github.com/Tozivn/futurelove/blob/main/23_Christmas%20face11/img215.jpg?raw=true,3					
8,DDC,Christmas Day,https://github.com/Tozivn/futurelove/blob/main/23_Christmas%20face11/img216.jpg?raw=true,0,https://github.com/Tozivn/futurelove/blob/main/23_Christmas%20face11/img216.jpg?raw=true,3					
9,DDC,Christmas Day,https://github.com/Tozivn/futurelove/blob/main/23_Christmas%20face11/img217.jpg?raw=true,https://github.com/Tozivn/futurelove/blob/main/23_Christmas%20face11/img217.jpg?raw=true,0,2					
10,DDC,Christmas Day,https://github.com/Tozivn/futurelove/blob/main/23_Christmas%20face11/img218.jpg?raw=true,https://github.com/Tozivn/futurelove/blob/main/23_Christmas%20face11/img218.jpg?raw=true,0,2					
11,DDC,Christmas Day,https://github.com/Tozivn/futurelove/blob/main/23_Christmas%20face11/img219.jpg?raw=true,https://github.com/Tozivn/futurelove/blob/main/23_Christmas%20face11/img219.jpg?raw=true,0,2					
12,DDC,Christmas Day,https://github.com/Tozivn/futurelove/blob/main/23_Christmas%20face11/img220.jpg?raw=true,https://github.com/Tozivn/futurelove/blob/main/23_Christmas%20face11/img220.jpg?raw=true,0,2					
13,DDC,Christmas Day,https://github.com/Tozivn/futurelove/blob/main/23_Christmas%20face11/img221.jpg?raw=true,https://github.com/Tozivn/futurelove/blob/main/23_Christmas%20face11/img221.jpg?raw=true,0,2					
14,DDC,Christmas Day,https://github.com/Tozivn/futurelove/blob/main/23_Christmas%20face11/img222.jpg?raw=true,https://github.com/Tozivn/futurelove/blob/main/23_Christmas%20face11/img222.jpg?raw=true,0,20					
15,DDC,Christmas Day,https://github.com/Tozivn/futurelove/blob/main/23_Christmas%20face11/img223.jpg?raw=true,https://github.com/Tozivn/futurelove/blob/main/23_Christmas%20face11/img223.jpg?raw=true,0,22					
16,DDC,Christmas Day,https://github.com/Tozivn/futurelove/blob/main/23_Christmas%20face11/img224.jpg?raw=true,https://github.com/Tozivn/futurelove/blob/main/23_Christmas%20face11/img224.jpg?raw=true,0,24					
17,DDC,Christmas Day,https://github.com/Tozivn/futurelove/blob/main/23_Christmas%20face11/img225.jpg?raw=true,https://github.com/Tozivn/futurelove/blob/main/23_Christmas%20face11/img225.jpg?raw=true,0,24					
18,DDC,Christmas Day,https://github.com/Tozivn/futurelove/blob/main/23_Christmas%20face11/img226.jpg?raw=true,https://github.com/Tozivn/futurelove/blob/main/23_Christmas%20face11/img226.jpg?raw=true,0,24					
19,DDC,Christmas Day,https://github.com/Tozivn/futurelove/blob/main/23_Christmas%20face11/img227.jpg?raw=true,https://github.com/Tozivn/futurelove/blob/main/23_Christmas%20face11/img227.jpg?raw=true,0,24					
20,DDC,Christmas Day,https://github.com/Tozivn/futurelove/blob/main/23_Christmas%20face11/img228.jpg?raw=true,https://github.com/Tozivn/futurelove/blob/main/23_Christmas%20face11/img228.jpg?raw=true,0,24					
21,DDC,Christmas Day,https://github.com/Tozivn/futurelove/blob/main/23_Christmas%20face11/img229.jpg?raw=true,https://github.com/Tozivn/futurelove/blob/main/23_Christmas%20face11/img229.jpg?raw=true,0,24					
22,DDC,Christmas Day,https://github.com/Tozivn/futurelove/blob/main/23_Christmas%20face11/img230.jpg?raw=true,https://github.com/Tozivn/futurelove/blob/main/23_Christmas%20face11/img230.jpg?raw=true,0,3					
23,DDC,Christmas Day,https://github.com/Tozivn/futurelove/blob/main/23_Christmas%20face11/img231.jpg?raw=true,https://github.com/Tozivn/futurelove/blob/main/23_Christmas%20face11/img231.jpg?raw=true,0,3					
24,DDC,Christmas Day,https://github.com/Tozivn/futurelove/blob/main/23_Christmas%20face11/img232.jpg?raw=true,https://github.com/Tozivn/futurelove/blob/main/23_Christmas%20face11/img232.jpg?raw=true,0,3					
25,DDC,Christmas Day,https://github.com/Tozivn/futurelove/blob/main/23_Christmas%20face11/img233.jpg?raw=true,https://github.com/Tozivn/futurelove/blob/main/23_Christmas%20face11/img233.jpg?raw=true,0,3					
26,DDC,Christmas Day,https://github.com/Tozivn/futurelove/blob/main/23_Christmas%20face11/img234.jpg?raw=true,https://github.com/Tozivn/futurelove/blob/main/23_Christmas%20face11/img234.jpg?raw=true,0,3					
27,DDC,Christmas Day,https://github.com/Tozivn/futurelove/blob/main/23_Christmas%20face11/img235.jpg?raw=true,https://github.com/Tozivn/futurelove/blob/main/23_Christmas%20face11/img235.jpg?raw=true,0,3					
28,DDC,Christmas Day,https://github.com/Tozivn/futurelove/blob/main/23_Christmas%20face11/img236.jpg?raw=true,https://github.com/Tozivn/futurelove/blob/main/23_Christmas%20face11/img236.jpg?raw=true,0,3					
29,DDC,Christmas Day,https://github.com/Tozivn/futurelove/blob/main/23_Christmas%20face11/img237.jpg?raw=true,https://github.com/Tozivn/futurelove/blob/main/23_Christmas%20face11/img237.jpg?raw=true,0,19					
30,DDC,Christmas Day,https://github.com/Tozivn/futurelove/blob/main/23_Christmas%20face11/img238.jpg?raw=true,https://github.com/Tozivn/futurelove/blob/main/23_Christmas%20face11/img238.jpg?raw=true,0,23					
31,DDC,Christmas Day,https://github.com/Tozivn/futurelove/blob/main/23_Christmas%20face11/img239.jpg?raw=true,https://github.com/Tozivn/futurelove/blob/main/23_Christmas%20face11/img239.jpg?raw=true,0,20					
32,DDC,Christmas Day,https://github.com/Tozivn/futurelove/blob/main/23_Christmas%20face11/img240.jpg?raw=true,https://github.com/Tozivn/futurelove/blob/main/23_Christmas%20face11/img240.jpg?raw=true,0,23					
33,DDC,Christmas Day,https://github.com/Tozivn/futurelove/blob/main/23_Christmas%20face11/img241.jpg?raw=true,https://github.com/Tozivn/futurelove/blob/main/23_Christmas%20face11/img241.jpg?raw=true,https://github.com/Tozivn/futurelove/blob/main/23_Christmas%20face11/img241.jpg?raw=true,23					
34,DDC,Christmas Day,https://github.com/Tozivn/futurelove/blob/main/23_Christmas%20face11/img241.jpg?raw=true,https://github.com/Tozivn/futurelove/blob/main/23_Christmas%20face11/img241.jpg?raw=true,0,18					
35,DDC,Christmas Day,https://github.com/Tozivn/futurelove/blob/main/23_Christmas%20face11/img243.jpg?raw=true,https://github.com/Tozivn/futurelove/blob/main/23_Christmas%20face11/img243.jpg?raw=true,0,18					
36,DDC,Christmas Day,https://github.com/Tozivn/futurelove/blob/main/23_Christmas%20face11/img244.jpg?raw=true,https://github.com/Tozivn/futurelove/blob/main/23_Christmas%20face11/img244.jpg?raw=true,0,18					
37,DDC,Christmas Day,https://github.com/Tozivn/futurelove/blob/main/23_Christmas%20face11/img245.jpg?raw=true,https://github.com/Tozivn/futurelove/blob/main/23_Christmas%20face11/img245.jpg?raw=true,0,18					
38,DDC,Christmas Day,https://github.com/Tozivn/futurelove/blob/main/23_Christmas%20face11/img246.jpg?raw=true,https://github.com/Tozivn/futurelove/blob/main/23_Christmas%20face11/img246.jpg?raw=true,0,18					
39,DDC,Christmas Day,https://github.com/Tozivn/futurelove/blob/main/23_Christmas%20face11/img247.jpg?raw=true,https://github.com/Tozivn/futurelove/blob/main/23_Christmas%20face11/img247.jpg?raw=true,0,18					
40,DDC,Christmas Day,https://github.com/Tozivn/futurelove/blob/main/23_Christmas%20face11/img248.jpg?raw=true,https://github.com/Tozivn/futurelove/blob/main/23_Christmas%20face11/img248.jpg?raw=true,0,18					
41,DDC,Christmas Day,https://github.com/Tozivn/futurelove/blob/main/24_Christmas%20face12/img251.jpg?raw=true,https://github.com/Tozivn/futurelove/blob/main/24_Christmas%20face12/img251.jpg?raw=true,0,19					
42,DDC,Christmas Day,https://github.com/Tozivn/futurelove/blob/main/24_Christmas%20face12/img252.jpg?raw=true,https://github.com/Tozivn/futurelove/blob/main/24_Christmas%20face12/img252.jpg?raw=true,0,19					
43,DDC,Christmas Day,https://github.com/Tozivn/futurelove/blob/main/24_Christmas%20face12/img253.jpg?raw=true,https://github.com/Tozivn/futurelove/blob/main/24_Christmas%20face12/img253.jpg?raw=true,0,19					
44,DDC,Christmas Day,https://github.com/Tozivn/futurelove/blob/main/24_Christmas%20face12/img254.jpg?raw=true,https://github.com/Tozivn/futurelove/blob/main/24_Christmas%20face12/img254.jpg?raw=true,0,19					
45,DDC,Christmas Day,https://github.com/Tozivn/futurelove/blob/main/24_Christmas%20face12/img255.jpg?raw=true,https://github.com/Tozivn/futurelove/blob/main/24_Christmas%20face12/img255.jpg?raw=true,0,21					
46,DDC,Christmas Day,https://github.com/Tozivn/futurelove/blob/main/24_Christmas%20face12/img256.jpg?raw=true,https://github.com/Tozivn/futurelove/blob/main/24_Christmas%20face12/img256.jpg?raw=true,0,21					
47,DDC,Christmas Day,https://github.com/Tozivn/futurelove/blob/main/24_Christmas%20face12/img257.jpg?raw=true,https://github.com/Tozivn/futurelove/blob/main/24_Christmas%20face12/img257.jpg?raw=true,0,21					
48,DDC,Christmas Day,https://github.com/Tozivn/futurelove/blob/main/24_Christmas%20face12/img258.jpg?raw=true,https://github.com/Tozivn/futurelove/blob/main/24_Christmas%20face12/img258.jpg?raw=true,0,21					
49,DDC,Christmas Day,https://github.com/Tozivn/futurelove/blob/main/24_Christmas%20face12/img259.jpg?raw=true,https://github.com/Tozivn/futurelove/blob/main/24_Christmas%20face12/img259.jpg?raw=true,0,23					
50,DDC,Christmas Day,https://github.com/Tozivn/futurelove/blob/main/24_Christmas%20face12/img260.jpg?raw=true,https://github.com/Tozivn/futurelove/blob/main/24_Christmas%20face12/img260.jpg?raw=true,0,23					