id,mask,thongtin,image,nu,nam,dotuoi,danam,danu,ngswap,vtrinam,tomLuocText
1,DCC,Christmas Day,https://github.com/Tozivn/futurelove/blob/main/30_Christmas%20face18/img601.jpg?raw=true,https://github.com/Tozivn/futurelove/blob/main/30_Christmas%20face18/img601.jpg?raw=true,0,19,,,,,
2,DCC,Christmas Day,https://github.com/Tozivn/futurelove/blob/main/30_Christmas%20face18/img602.jpg?raw=true,https://github.com/Tozivn/futurelove/blob/main/30_Christmas%20face18/img602.jpg?raw=true,0,19,,,,,
3,DCC,Christmas Day,https://github.com/Tozivn/futurelove/blob/main/30_Christmas%20face18/img603.jpg?raw=true,https://github.com/Tozivn/futurelove/blob/main/30_Christmas%20face18/img603.jpg?raw=true,0,19,,,,,
4,DCC,Christmas Day,https://github.com/Tozivn/futurelove/blob/main/30_Christmas%20face18/img604.jpg?raw=true,https://github.com/Tozivn/futurelove/blob/main/30_Christmas%20face18/img604.jpg?raw=true,0,20,,,,,
5,DCC,Christmas Day,https://github.com/Tozivn/futurelove/blob/main/30_Christmas%20face18/img605.jpg?raw=true,https://github.com/Tozivn/futurelove/blob/main/30_Christmas%20face18/img605.jpg?raw=true,0,20,,,,,
6,DCC,Christmas Day,https://github.com/Tozivn/futurelove/blob/main/30_Christmas%20face18/img606.jpg?raw=true,https://github.com/Tozivn/futurelove/blob/main/30_Christmas%20face18/img606.jpg?raw=true,0,20,,,,,
7,DCC,Christmas Day,https://github.com/Tozivn/futurelove/blob/main/30_Christmas%20face18/img607.jpg?raw=true,https://github.com/Tozivn/futurelove/blob/main/30_Christmas%20face18/img607.jpg?raw=true,0,20,,,,,
8,DCC,Christmas Day,https://github.com/Tozivn/futurelove/blob/main/30_Christmas%20face18/img608.jpg?raw=true,https://github.com/Tozivn/futurelove/blob/main/30_Christmas%20face18/img608.jpg?raw=true,0,20,,,,,
9,DCC,Christmas Day,https://github.com/Tozivn/futurelove/blob/main/30_Christmas%20face18/img609.jpg?raw=true,https://github.com/Tozivn/futurelove/blob/main/30_Christmas%20face18/img609.jpg?raw=true,0,20,,,,,
10,DCC,Christmas Day,https://github.com/Tozivn/futurelove/blob/main/30_Christmas%20face18/img610.jpg?raw=true,https://github.com/Tozivn/futurelove/blob/main/30_Christmas%20face18/img610.jpg?raw=true,0,20,,,,,
11,DCC,Christmas Day,https://github.com/Tozivn/futurelove/blob/main/30_Christmas%20face18/img611.jpg?raw=true,https://github.com/Tozivn/futurelove/blob/main/30_Christmas%20face18/img611.jpg?raw=true,0,20,,,,,
12,DCC,Christmas Day,https://github.com/Tozivn/futurelove/blob/main/30_Christmas%20face18/img612.jpg?raw=true,https://github.com/Tozivn/futurelove/blob/main/30_Christmas%20face18/img612.jpg?raw=true,0,20,,,,,
13,DCC,Christmas Day,https://github.com/Tozivn/futurelove/blob/main/30_Christmas%20face18/img613.jpg?raw=true,https://github.com/Tozivn/futurelove/blob/main/30_Christmas%20face18/img613.jpg?raw=true,0,21,,,,,
14,DCC,Christmas Day,https://github.com/Tozivn/futurelove/blob/main/30_Christmas%20face18/img614.jpg?raw=true,https://github.com/Tozivn/futurelove/blob/main/30_Christmas%20face18/img614.jpg?raw=true,0,21,,,,,
15,DCC,Christmas Day,https://github.com/Tozivn/futurelove/blob/main/30_Christmas%20face18/img615.jpg?raw=true,https://github.com/Tozivn/futurelove/blob/main/30_Christmas%20face18/img615.jpg?raw=true,0,21,,,,,
16,DCC,Christmas Day,https://github.com/Tozivn/futurelove/blob/main/30_Christmas%20face18/img616.jpg?raw=true,https://github.com/Tozivn/futurelove/blob/main/30_Christmas%20face18/img616.jpg?raw=true,0,18,,,,,
17,DCC,Christmas Day,https://github.com/Tozivn/futurelove/blob/main/30_Christmas%20face18/img617.jpg?raw=true,https://github.com/Tozivn/futurelove/blob/main/30_Christmas%20face18/img617.jpg?raw=true,0,18,,,,,
18,DCC,Christmas Day,https://github.com/Tozivn/futurelove/blob/main/30_Christmas%20face18/img618.jpg?raw=true,https://github.com/Tozivn/futurelove/blob/main/30_Christmas%20face18/img618.jpg?raw=true,0,18,,,,,
19,DCC,Christmas Day,https://github.com/Tozivn/futurelove/blob/main/30_Christmas%20face18/img619.jpg?raw=true,https://github.com/Tozivn/futurelove/blob/main/30_Christmas%20face18/img619.jpg?raw=true,0,18,,,,,
20,DCC,Christmas Day,https://github.com/Tozivn/futurelove/blob/main/30_Christmas%20face18/img620.jpg?raw=true,https://github.com/Tozivn/futurelove/blob/main/30_Christmas%20face18/img620.jpg?raw=true,0,20,,,,,
21,DCC,Christmas Day,https://github.com/Tozivn/futurelove/blob/main/30_Christmas%20face18/img621.jpg?raw=true,https://github.com/Tozivn/futurelove/blob/main/30_Christmas%20face18/img621.jpg?raw=true,0,22,,,,,
22,DCC,Christmas Day,https://github.com/Tozivn/futurelove/blob/main/30_Christmas%20face18/img622.jpg?raw=true,https://github.com/Tozivn/futurelove/blob/main/30_Christmas%20face18/img622.jpg?raw=true,0,20,,,,,
23,DCC,Christmas Day,https://github.com/Tozivn/futurelove/blob/main/30_Christmas%20face18/img623.jpg?raw=true,https://github.com/Tozivn/futurelove/blob/main/30_Christmas%20face18/img623.jpg?raw=true,0,20,,,,,
24,DCC,Christmas Day,https://github.com/Tozivn/futurelove/blob/main/30_Christmas%20face18/img624.jpg?raw=true,https://github.com/Tozivn/futurelove/blob/main/30_Christmas%20face18/img624.jpg?raw=true,0,20,,,,,
25,DCC,Christmas Day,https://github.com/Tozivn/futurelove/blob/main/30_Christmas%20face18/img625.jpg?raw=true,https://github.com/Tozivn/futurelove/blob/main/30_Christmas%20face18/img625.jpg?raw=true,0,20,,,,,
26,DCC,Christmas Day,https://github.com/Tozivn/futurelove/blob/main/30_Christmas%20face18/img626.jpg?raw=true,https://github.com/Tozivn/futurelove/blob/main/30_Christmas%20face18/img626.jpg?raw=true,0,23,,,,,
27,DCC,Christmas Day,https://github.com/Tozivn/futurelove/blob/main/30_Christmas%20face18/img627.jpg?raw=true,https://github.com/Tozivn/futurelove/blob/main/30_Christmas%20face18/img627.jpg?raw=true,0,20,,,,,
28,DCC,Christmas Day,https://github.com/Tozivn/futurelove/blob/main/30_Christmas%20face18/img628.jpg?raw=true,https://github.com/Tozivn/futurelove/blob/main/30_Christmas%20face18/img628.jpg?raw=true,0,20,,,,,
29,DCC,Christmas Day,https://github.com/Tozivn/futurelove/blob/main/30_Christmas%20face18/img629.jpg?raw=true,https://github.com/Tozivn/futurelove/blob/main/30_Christmas%20face18/img629.jpg?raw=true,0,20,,,,,
30,DCC,Christmas Day,https://github.com/Tozivn/futurelove/blob/main/30_Christmas%20face18/img630.jpg?raw=true,https://github.com/Tozivn/futurelove/blob/main/30_Christmas%20face18/img630.jpg?raw=true,0,20,,,,,
31,DCC,Christmas Day,https://github.com/Tozivn/futurelove/blob/main/30_Christmas%20face18/img631.jpg?raw=true,https://github.com/Tozivn/futurelove/blob/main/30_Christmas%20face18/img631.jpg?raw=true,0,20,,,,,
32,DCC,Christmas Day,https://github.com/Tozivn/futurelove/blob/main/30_Christmas%20face18/img632.jpg?raw=true,https://github.com/Tozivn/futurelove/blob/main/30_Christmas%20face18/img632.jpg?raw=true,0,20,,,,,
33,DCC,Christmas Day,https://github.com/Tozivn/futurelove/blob/main/30_Christmas%20face18/img633.jpg?raw=true,https://github.com/Tozivn/futurelove/blob/main/30_Christmas%20face18/img633.jpg?raw=true,0,20,,,,,
34,DCC,Christmas Day,https://github.com/Tozivn/futurelove/blob/main/30_Christmas%20face18/img634.jpg?raw=true,https://github.com/Tozivn/futurelove/blob/main/30_Christmas%20face18/img634.jpg?raw=true,0,22,,,,,
35,DCC,Christmas Day,https://github.com/Tozivn/futurelove/blob/main/30_Christmas%20face18/img635.jpg?raw=true,https://github.com/Tozivn/futurelove/blob/main/30_Christmas%20face18/img635.jpg?raw=true,0,22,,,,,
36,DCC,Christmas Day,https://github.com/Tozivn/futurelove/blob/main/30_Christmas%20face18/img636.jpg?raw=true,https://github.com/Tozivn/futurelove/blob/main/30_Christmas%20face18/img636.jpg?raw=true,0,22,,,,,
37,DCC,Christmas Day,https://github.com/Tozivn/futurelove/blob/main/30_Christmas%20face18/img637.jpg?raw=true,https://github.com/Tozivn/futurelove/blob/main/30_Christmas%20face18/img637.jpg?raw=true,0,21,,,,,
38,DCC,Christmas Day,https://github.com/Tozivn/futurelove/blob/main/30_Christmas%20face18/img638.jpg?raw=true,https://github.com/Tozivn/futurelove/blob/main/30_Christmas%20face18/img638.jpg?raw=true,0,21,,,,,
39,DCC,Christmas Day,https://github.com/Tozivn/futurelove/blob/main/30_Christmas%20face18/img639.jpg?raw=true,https://github.com/Tozivn/futurelove/blob/main/30_Christmas%20face18/img639.jpg?raw=true,0,21,,,,,
40,DCC,Christmas Day,https://github.com/Tozivn/futurelove/blob/main/30_Christmas%20face18/img640.jpg?raw=true,https://github.com/Tozivn/futurelove/blob/main/30_Christmas%20face18/img640.jpg?raw=true,0,21,,,,,
41,DCC,Christmas Day,https://github.com/Tozivn/futurelove/blob/main/30_Christmas%20face18/img641.jpg?raw=true,https://github.com/Tozivn/futurelove/blob/main/30_Christmas%20face18/img641.jpg?raw=true,0,22,,,,,
42,DCC,Christmas Day,https://github.com/Tozivn/futurelove/blob/main/30_Christmas%20face18/img642.jpg?raw=true,https://github.com/Tozivn/futurelove/blob/main/30_Christmas%20face18/img642.jpg?raw=true,0,22,,,,,
43,DCC,Christmas Day,https://github.com/Tozivn/futurelove/blob/main/30_Christmas%20face18/img643.jpg?raw=true,https://github.com/Tozivn/futurelove/blob/main/30_Christmas%20face18/img643.jpg?raw=true,0,22,,,,,
44,DCC,Christmas Day,https://github.com/Tozivn/futurelove/blob/main/30_Christmas%20face18/img644.jpg?raw=true,https://github.com/Tozivn/futurelove/blob/main/30_Christmas%20face18/img644.jpg?raw=true,0,22,,,,,
45,DCC,Christmas Day,https://github.com/Tozivn/futurelove/blob/main/30_Christmas%20face18/img645.jpg?raw=true,https://github.com/Tozivn/futurelove/blob/main/30_Christmas%20face18/img645.jpg?raw=true,0,22,,,,,
46,DCC,Christmas Day,https://github.com/Tozivn/futurelove/blob/main/30_Christmas%20face18/img646.jpg?raw=true,https://github.com/Tozivn/futurelove/blob/main/30_Christmas%20face18/img646.jpg?raw=true,0,22,,,,,
47,DCC,Christmas Day,https://github.com/Tozivn/futurelove/blob/main/30_Christmas%20face18/img647.jpg?raw=true,https://github.com/Tozivn/futurelove/blob/main/30_Christmas%20face18/img647.jpg?raw=true,0,20,,,,,
48,DCC,Christmas Day,https://github.com/Tozivn/futurelove/blob/main/30_Christmas%20face18/img648.jpg?raw=true,https://github.com/Tozivn/futurelove/blob/main/30_Christmas%20face18/img648.jpg?raw=true,0,20,,,,,
49,DCC,Christmas Day,https://github.com/Tozivn/futurelove/blob/main/30_Christmas%20face18/img649.jpg?raw=true,https://github.com/Tozivn/futurelove/blob/main/30_Christmas%20face18/img649.jpg?raw=true,0,20,,,,,
50,DCC,Christmas Day,https://github.com/Tozivn/futurelove/blob/main/30_Christmas%20face18/img650.jpg?raw=true,https://github.com/Tozivn/futurelove/blob/main/30_Christmas%20face18/img650.jpg?raw=true,0,18,,,,,