id,mask,thongtin,image,nu,nam,dotuoi,danam,danu,ngswap,vtrinam,tomLuocText
1,DCC,Christmas Day,https://github.com/Tozivn/futurelove/blob/main/31_Christmas%20face19/img651.jpg?raw=true,https://github.com/Tozivn/futurelove/blob/main/31_Christmas%20face19/img651.jpg?raw=true,0,19,,,,,
2,DCC,Christmas Day,https://github.com/Tozivn/futurelove/blob/main/31_Christmas%20face19/img652.jpg?raw=true,https://github.com/Tozivn/futurelove/blob/main/31_Christmas%20face19/img652.jpg?raw=true,0,19,,,,,
3,DCC,Christmas Day,https://github.com/Tozivn/futurelove/blob/main/31_Christmas%20face19/img653.jpg?raw=true,https://github.com/Tozivn/futurelove/blob/main/31_Christmas%20face19/img653.jpg?raw=true,0,19,,,,,
4,DCC,Christmas Day,https://github.com/Tozivn/futurelove/blob/main/31_Christmas%20face19/img654.jpg?raw=true,https://github.com/Tozivn/futurelove/blob/main/31_Christmas%20face19/img654.jpg?raw=true,0,20,,,,,
5,DCC,Christmas Day,https://github.com/Tozivn/futurelove/blob/main/31_Christmas%20face19/img655.jpg?raw=true,https://github.com/Tozivn/futurelove/blob/main/31_Christmas%20face19/img655.jpg?raw=true,0,20,,,,,
6,DCC,Christmas Day,https://github.com/Tozivn/futurelove/blob/main/31_Christmas%20face19/img656.jpg?raw=true,https://github.com/Tozivn/futurelove/blob/main/31_Christmas%20face19/img656.jpg?raw=true,0,20,,,,,
7,DCC,Christmas Day,https://github.com/Tozivn/futurelove/blob/main/31_Christmas%20face19/img657.jpg?raw=true,https://github.com/Tozivn/futurelove/blob/main/31_Christmas%20face19/img657.jpg?raw=true,0,22,,,,,
8,DCC,Christmas Day,https://github.com/Tozivn/futurelove/blob/main/31_Christmas%20face19/img658.jpg?raw=true,https://github.com/Tozivn/futurelove/blob/main/31_Christmas%20face19/img658.jpg?raw=true,0,22,,,,,
9,DCC,Christmas Day,https://github.com/Tozivn/futurelove/blob/main/31_Christmas%20face19/img659.jpg?raw=true,https://github.com/Tozivn/futurelove/blob/main/31_Christmas%20face19/img659.jpg?raw=true,0,22,,,,,
10,DCC,Christmas Day,https://github.com/Tozivn/futurelove/blob/main/31_Christmas%20face19/img660.jpg?raw=true,https://github.com/Tozivn/futurelove/blob/main/31_Christmas%20face19/img660.jpg?raw=true,0,22,,,,,
11,DCC,Christmas Day,https://github.com/Tozivn/futurelove/blob/main/31_Christmas%20face19/img661.jpg?raw=true,https://github.com/Tozivn/futurelove/blob/main/31_Christmas%20face19/img661.jpg?raw=true,0,20,,,,,
12,DCC,Christmas Day,https://github.com/Tozivn/futurelove/blob/main/31_Christmas%20face19/img662.jpg?raw=true,https://github.com/Tozivn/futurelove/blob/main/31_Christmas%20face19/img662.jpg?raw=true,0,20,,,,,
13,DCC,Christmas Day,https://github.com/Tozivn/futurelove/blob/main/31_Christmas%20face19/img663.jpg?raw=true,https://github.com/Tozivn/futurelove/blob/main/31_Christmas%20face19/img663.jpg?raw=true,0,20,,,,,
14,DCC,Christmas Day,https://github.com/Tozivn/futurelove/blob/main/31_Christmas%20face19/img664.jpg?raw=true,https://github.com/Tozivn/futurelove/blob/main/31_Christmas%20face19/img664.jpg?raw=true,0,20,,,,,
15,DCC,Christmas Day,https://github.com/Tozivn/futurelove/blob/main/31_Christmas%20face19/img665.jpg?raw=true,https://github.com/Tozivn/futurelove/blob/main/31_Christmas%20face19/img665.jpg?raw=true,0,19,,,,,
16,DCC,Christmas Day,https://github.com/Tozivn/futurelove/blob/main/31_Christmas%20face19/img666.jpg?raw=true,https://github.com/Tozivn/futurelove/blob/main/31_Christmas%20face19/img666.jpg?raw=true,0,19,,,,,
17,DCC,Christmas Day,https://github.com/Tozivn/futurelove/blob/main/31_Christmas%20face19/img667.jpg?raw=true,https://github.com/Tozivn/futurelove/blob/main/31_Christmas%20face19/img667.jpg?raw=true,0,19,,,,,
18,DCC,Christmas Day,https://github.com/Tozivn/futurelove/blob/main/31_Christmas%20face19/img668.jpg?raw=true,https://github.com/Tozivn/futurelove/blob/main/31_Christmas%20face19/img668.jpg?raw=true,0,19,,,,,
19,DCC,Christmas Day,https://github.com/Tozivn/futurelove/blob/main/31_Christmas%20face19/img669.jpg?raw=true,https://github.com/Tozivn/futurelove/blob/main/31_Christmas%20face19/img669.jpg?raw=true,0,19,,,,,
20,DCC,Christmas Day,https://github.com/Tozivn/futurelove/blob/main/31_Christmas%20face19/img670.jpg?raw=true,https://github.com/Tozivn/futurelove/blob/main/31_Christmas%20face19/img670.jpg?raw=true,0,19,,,,,
21,DCC,Christmas Day,https://github.com/Tozivn/futurelove/blob/main/31_Christmas%20face19/img671.jpg?raw=true,https://github.com/Tozivn/futurelove/blob/main/31_Christmas%20face19/img671.jpg?raw=true,0,19,,,,,
22,DCC,Christmas Day,https://github.com/Tozivn/futurelove/blob/main/31_Christmas%20face19/img672.jpg?raw=true,https://github.com/Tozivn/futurelove/blob/main/31_Christmas%20face19/img672.jpg?raw=true,0,20,,,,,
23,DCC,Christmas Day,https://github.com/Tozivn/futurelove/blob/main/31_Christmas%20face19/img673.jpg?raw=true,https://github.com/Tozivn/futurelove/blob/main/31_Christmas%20face19/img673.jpg?raw=true,0,20,,,,,
24,DCC,Christmas Day,https://github.com/Tozivn/futurelove/blob/main/31_Christmas%20face19/img674.jpg?raw=true,https://github.com/Tozivn/futurelove/blob/main/31_Christmas%20face19/img674.jpg?raw=true,0,20,,,,,
25,DCC,Christmas Day,https://github.com/Tozivn/futurelove/blob/main/31_Christmas%20face19/img675.jpg?raw=true,https://github.com/Tozivn/futurelove/blob/main/31_Christmas%20face19/img675.jpg?raw=true,0,21,,,,,
26,DCC,Christmas Day,https://github.com/Tozivn/futurelove/blob/main/31_Christmas%20face19/img676.jpg?raw=true,https://github.com/Tozivn/futurelove/blob/main/31_Christmas%20face19/img676.jpg?raw=true,0,21,,,,,
27,DCC,Christmas Day,https://github.com/Tozivn/futurelove/blob/main/31_Christmas%20face19/img677.jpg?raw=true,https://github.com/Tozivn/futurelove/blob/main/31_Christmas%20face19/img677.jpg?raw=true,0,21,,,,,
28,DCC,Christmas Day,https://github.com/Tozivn/futurelove/blob/main/31_Christmas%20face19/img678.jpg?raw=true,https://github.com/Tozivn/futurelove/blob/main/31_Christmas%20face19/img678.jpg?raw=true,0,22,,,,,
29,DCC,Christmas Day,https://github.com/Tozivn/futurelove/blob/main/31_Christmas%20face19/img679.jpg?raw=true,https://github.com/Tozivn/futurelove/blob/main/31_Christmas%20face19/img679.jpg?raw=true,0,22,,,,,
30,DCC,Christmas Day,https://github.com/Tozivn/futurelove/blob/main/31_Christmas%20face19/img680.jpg?raw=true,https://github.com/Tozivn/futurelove/blob/main/31_Christmas%20face19/img680.jpg?raw=true,0,22,,,,,
31,DCC,Christmas Day,https://github.com/Tozivn/futurelove/blob/main/31_Christmas%20face19/img681.jpg?raw=true,https://github.com/Tozivn/futurelove/blob/main/31_Christmas%20face19/img681.jpg?raw=true,0,21,,,,,
32,DCC,Christmas Day,https://github.com/Tozivn/futurelove/blob/main/31_Christmas%20face19/img682.jpg?raw=true,https://github.com/Tozivn/futurelove/blob/main/31_Christmas%20face19/img682.jpg?raw=true,0,23,,,,,
33,DCC,Christmas Day,https://github.com/Tozivn/futurelove/blob/main/31_Christmas%20face19/img683.jpg?raw=true,https://github.com/Tozivn/futurelove/blob/main/31_Christmas%20face19/img683.jpg?raw=true,0,23,,,,,
34,DCC,Christmas Day,https://github.com/Tozivn/futurelove/blob/main/31_Christmas%20face19/img684.jpg?raw=true,https://github.com/Tozivn/futurelove/blob/main/31_Christmas%20face19/img684.jpg?raw=true,0,23,,,,,
35,DCC,Christmas Day,https://github.com/Tozivn/futurelove/blob/main/31_Christmas%20face19/img685.jpg?raw=true,https://github.com/Tozivn/futurelove/blob/main/31_Christmas%20face19/img685.jpg?raw=true,0,23,,,,,
36,DCC,Christmas Day,https://github.com/Tozivn/futurelove/blob/main/31_Christmas%20face19/img686.jpg?raw=true,https://github.com/Tozivn/futurelove/blob/main/31_Christmas%20face19/img686.jpg?raw=true,0,23,,,,,
37,DCC,Christmas Day,https://github.com/Tozivn/futurelove/blob/main/31_Christmas%20face19/img687.jpg?raw=true,https://github.com/Tozivn/futurelove/blob/main/31_Christmas%20face19/img687.jpg?raw=true,0,23,,,,,
38,DCC,Christmas Day,https://github.com/Tozivn/futurelove/blob/main/31_Christmas%20face19/img688.jpg?raw=true,https://github.com/Tozivn/futurelove/blob/main/31_Christmas%20face19/img688.jpg?raw=true,0,23,,,,,
39,DCC,Christmas Day,https://github.com/Tozivn/futurelove/blob/main/31_Christmas%20face19/img689.jpg?raw=true,https://github.com/Tozivn/futurelove/blob/main/31_Christmas%20face19/img689.jpg?raw=true,0,23,,,,,
40,DCC,Christmas Day,https://github.com/Tozivn/futurelove/blob/main/31_Christmas%20face19/img690.jpg?raw=true,https://github.com/Tozivn/futurelove/blob/main/31_Christmas%20face19/img690.jpg?raw=true,0,20,,,,,
41,DCC,Christmas Day,https://github.com/Tozivn/futurelove/blob/main/31_Christmas%20face19/img691.jpg?raw=true,https://github.com/Tozivn/futurelove/blob/main/31_Christmas%20face19/img691.jpg?raw=true,0,20,,,,,
42,DCC,Christmas Day,https://github.com/Tozivn/futurelove/blob/main/31_Christmas%20face19/img692.jpg?raw=true,https://github.com/Tozivn/futurelove/blob/main/31_Christmas%20face19/img692.jpg?raw=true,0,20,,,,,
43,DCC,Christmas Day,https://github.com/Tozivn/futurelove/blob/main/31_Christmas%20face19/img693.jpg?raw=true,https://github.com/Tozivn/futurelove/blob/main/31_Christmas%20face19/img693.jpg?raw=true,0,20,,,,,
44,DCC,Christmas Day,https://github.com/Tozivn/futurelove/blob/main/31_Christmas%20face19/img694.jpg?raw=true,https://github.com/Tozivn/futurelove/blob/main/31_Christmas%20face19/img694.jpg?raw=true,0,21,,,,,
45,DCC,Christmas Day,https://github.com/Tozivn/futurelove/blob/main/31_Christmas%20face19/img695.jpg?raw=true,https://github.com/Tozivn/futurelove/blob/main/31_Christmas%20face19/img695.jpg?raw=true,0,21,,,,,
46,DCC,Christmas Day,https://github.com/Tozivn/futurelove/blob/main/31_Christmas%20face19/img696.jpg?raw=true,https://github.com/Tozivn/futurelove/blob/main/31_Christmas%20face19/img696.jpg?raw=true,0,21,,,,,
47,DCC,Christmas Day,https://github.com/Tozivn/futurelove/blob/main/31_Christmas%20face19/img697.jpg?raw=true,https://github.com/Tozivn/futurelove/blob/main/31_Christmas%20face19/img697.jpg?raw=true,0,21,,,,,
48,DCC,Christmas Day,https://github.com/Tozivn/futurelove/blob/main/31_Christmas%20face19/img698.jpg?raw=true,https://github.com/Tozivn/futurelove/blob/main/31_Christmas%20face19/img698.jpg?raw=true,0,22,,,,,
49,DCC,Christmas Day,https://github.com/Tozivn/futurelove/blob/main/31_Christmas%20face19/img699.jpg?raw=true,https://github.com/Tozivn/futurelove/blob/main/31_Christmas%20face19/img699.jpg?raw=true,0,22,,,,,
50,DCC,Christmas Day,https://github.com/Tozivn/futurelove/blob/main/31_Christmas%20face19/img700.jpg?raw=true,https://github.com/Tozivn/futurelove/blob/main/31_Christmas%20face19/img700.jpg?raw=true,0,22,,,,,