id,mask,thongtin,image,nu,nam,dotuoi,danam,danu,ngswap,vtrinam,tomLuocText
1,DCC,Christmas Day,https://github.com/Tozivn/futurelove/blob/main/29_Christmas%20face17/img551.jpg?raw=true,https://github.com/Tozivn/futurelove/blob/main/29_Christmas%20face17/img551.jpg?raw=true,0,23,,,,,
2,DCC,Christmas Day,https://github.com/Tozivn/futurelove/blob/main/29_Christmas%20face17/img552.jpg?raw=true,https://github.com/Tozivn/futurelove/blob/main/29_Christmas%20face17/img552.jpg?raw=true,0,23,,,,,
3,DCC,Christmas Day,https://github.com/Tozivn/futurelove/blob/main/29_Christmas%20face17/img553.jpg?raw=true,https://github.com/Tozivn/futurelove/blob/main/29_Christmas%20face17/img553.jpg?raw=true,0,20,,,,,
4,DCC,Christmas Day,https://github.com/Tozivn/futurelove/blob/main/29_Christmas%20face17/img554.jpg?raw=true,https://github.com/Tozivn/futurelove/blob/main/29_Christmas%20face17/img554.jpg?raw=true,0,20,,,,,
5,DCC,Christmas Day,https://github.com/Tozivn/futurelove/blob/main/29_Christmas%20face17/img555.jpg?raw=true,https://github.com/Tozivn/futurelove/blob/main/29_Christmas%20face17/img555.jpg?raw=true,0,20,,,,,
6,DCC,Christmas Day,https://github.com/Tozivn/futurelove/blob/main/29_Christmas%20face17/img556.jpg?raw=true,https://github.com/Tozivn/futurelove/blob/main/29_Christmas%20face17/img556.jpg?raw=true,0,20,,,,,
7,DCC,Christmas Day,https://github.com/Tozivn/futurelove/blob/main/29_Christmas%20face17/img557.jpg?raw=true,https://github.com/Tozivn/futurelove/blob/main/29_Christmas%20face17/img557.jpg?raw=true,0,20,,,,,
8,DCC,Christmas Day,https://github.com/Tozivn/futurelove/blob/main/29_Christmas%20face17/img558.jpg?raw=true,https://github.com/Tozivn/futurelove/blob/main/29_Christmas%20face17/img558.jpg?raw=true,0,20,,,,,
9,DCC,Christmas Day,https://github.com/Tozivn/futurelove/blob/main/29_Christmas%20face17/img559.jpg?raw=true,https://github.com/Tozivn/futurelove/blob/main/29_Christmas%20face17/img559.jpg?raw=true,0,22,,,,,
10,DCC,Christmas Day,https://github.com/Tozivn/futurelove/blob/main/29_Christmas%20face17/img560.jpg?raw=true,https://github.com/Tozivn/futurelove/blob/main/29_Christmas%20face17/img560.jpg?raw=true,0,22,,,,,
11,DCC,Christmas Day,https://github.com/Tozivn/futurelove/blob/main/29_Christmas%20face17/img561.jpg?raw=true,https://github.com/Tozivn/futurelove/blob/main/29_Christmas%20face17/img561.jpg?raw=true,0,22,,,,,
12,DCC,Christmas Day,https://github.com/Tozivn/futurelove/blob/main/29_Christmas%20face17/img562.jpg?raw=true,https://github.com/Tozivn/futurelove/blob/main/29_Christmas%20face17/img562.jpg?raw=true,0,22,,,,,
13,DCC,Christmas Day,https://github.com/Tozivn/futurelove/blob/main/29_Christmas%20face17/img563.jpg?raw=true,https://github.com/Tozivn/futurelove/blob/main/29_Christmas%20face17/img563.jpg?raw=true,0,22,,,,,
14,DCC,Christmas Day,https://github.com/Tozivn/futurelove/blob/main/29_Christmas%20face17/img564.jpg?raw=true,https://github.com/Tozivn/futurelove/blob/main/29_Christmas%20face17/img564.jpg?raw=true,0,22,,,,,
15,DCC,Christmas Day,https://github.com/Tozivn/futurelove/blob/main/29_Christmas%20face17/img565.jpg?raw=true,https://github.com/Tozivn/futurelove/blob/main/29_Christmas%20face17/img565.jpg?raw=true,0,22,,,,,
16,DCC,Christmas Day,https://github.com/Tozivn/futurelove/blob/main/29_Christmas%20face17/img566.jpg?raw=true,https://github.com/Tozivn/futurelove/blob/main/29_Christmas%20face17/img566.jpg?raw=true,0,22,,,,,
17,DCC,Christmas Day,https://github.com/Tozivn/futurelove/blob/main/29_Christmas%20face17/img567.jpg?raw=true,https://github.com/Tozivn/futurelove/blob/main/29_Christmas%20face17/img567.jpg?raw=true,0,22,,,,,
18,DCC,Christmas Day,https://github.com/Tozivn/futurelove/blob/main/29_Christmas%20face17/img568.jpg?raw=true,https://github.com/Tozivn/futurelove/blob/main/29_Christmas%20face17/img568.jpg?raw=true,0,21,,,,,
19,DCC,Christmas Day,https://github.com/Tozivn/futurelove/blob/main/29_Christmas%20face17/img569.jpg?raw=true,https://github.com/Tozivn/futurelove/blob/main/29_Christmas%20face17/img569.jpg?raw=true,0,21,,,,,
20,DCC,Christmas Day,https://github.com/Tozivn/futurelove/blob/main/29_Christmas%20face17/img570.jpg?raw=true,https://github.com/Tozivn/futurelove/blob/main/29_Christmas%20face17/img570.jpg?raw=true,0,21,,,,,
21,DCC,Christmas Day,https://github.com/Tozivn/futurelove/blob/main/29_Christmas%20face17/img571.jpg?raw=true,https://github.com/Tozivn/futurelove/blob/main/29_Christmas%20face17/img571.jpg?raw=true,0,21,,,,,
22,DCC,Christmas Day,https://github.com/Tozivn/futurelove/blob/main/29_Christmas%20face17/img572.jpg?raw=true,https://github.com/Tozivn/futurelove/blob/main/29_Christmas%20face17/img572.jpg?raw=true,0,21,,,,,
23,DCC,Christmas Day,https://github.com/Tozivn/futurelove/blob/main/29_Christmas%20face17/img573.jpg?raw=true,https://github.com/Tozivn/futurelove/blob/main/29_Christmas%20face17/img573.jpg?raw=true,0,21,,,,,
24,DCC,Christmas Day,https://github.com/Tozivn/futurelove/blob/main/29_Christmas%20face17/img574.jpg?raw=true,https://github.com/Tozivn/futurelove/blob/main/29_Christmas%20face17/img574.jpg?raw=true,0,19,,,,,
25,DCC,Christmas Day,https://github.com/Tozivn/futurelove/blob/main/29_Christmas%20face17/img575.jpg?raw=true,https://github.com/Tozivn/futurelove/blob/main/29_Christmas%20face17/img575.jpg?raw=true,0,19,,,,,
26,DCC,Christmas Day,https://github.com/Tozivn/futurelove/blob/main/29_Christmas%20face17/img576.jpg?raw=true,https://github.com/Tozivn/futurelove/blob/main/29_Christmas%20face17/img576.jpg?raw=true,0,19,,,,,
27,DCC,Christmas Day,https://github.com/Tozivn/futurelove/blob/main/29_Christmas%20face17/img577.jpg?raw=true,https://github.com/Tozivn/futurelove/blob/main/29_Christmas%20face17/img577.jpg?raw=true,0,19,,,,,
28,DCC,Christmas Day,https://github.com/Tozivn/futurelove/blob/main/29_Christmas%20face17/img578.jpg?raw=true,https://github.com/Tozivn/futurelove/blob/main/29_Christmas%20face17/img578.jpg?raw=true,0,20,,,,,
29,DCC,Christmas Day,https://github.com/Tozivn/futurelove/blob/main/29_Christmas%20face17/img579.jpg?raw=true,https://github.com/Tozivn/futurelove/blob/main/29_Christmas%20face17/img579.jpg?raw=true,0,20,,,,,
30,DCC,Christmas Day,https://github.com/Tozivn/futurelove/blob/main/29_Christmas%20face17/img580.jpg?raw=true,https://github.com/Tozivn/futurelove/blob/main/29_Christmas%20face17/img580.jpg?raw=true,0,20,,,,,
31,DCC,Christmas Day,https://github.com/Tozivn/futurelove/blob/main/29_Christmas%20face17/img581.jpg?raw=true,https://github.com/Tozivn/futurelove/blob/main/29_Christmas%20face17/img581.jpg?raw=true,0,20,,,,,
32,DCC,Christmas Day,https://github.com/Tozivn/futurelove/blob/main/29_Christmas%20face17/img582.jpg?raw=true,https://github.com/Tozivn/futurelove/blob/main/29_Christmas%20face17/img582.jpg?raw=true,0,20,,,,,
33,DCC,Christmas Day,https://github.com/Tozivn/futurelove/blob/main/29_Christmas%20face17/img583.jpg?raw=true,https://github.com/Tozivn/futurelove/blob/main/29_Christmas%20face17/img583.jpg?raw=true,0,20,,,,,
34,DCC,Christmas Day,https://github.com/Tozivn/futurelove/blob/main/29_Christmas%20face17/img584.jpg?raw=true,https://github.com/Tozivn/futurelove/blob/main/29_Christmas%20face17/img584.jpg?raw=true,0,20,,,,,
35,DCC,Christmas Day,https://github.com/Tozivn/futurelove/blob/main/29_Christmas%20face17/img585.jpg?raw=true,https://github.com/Tozivn/futurelove/blob/main/29_Christmas%20face17/img585.jpg?raw=true,0,20,,,,,
36,DCC,Christmas Day,https://github.com/Tozivn/futurelove/blob/main/29_Christmas%20face17/img586.jpg?raw=true,https://github.com/Tozivn/futurelove/blob/main/29_Christmas%20face17/img586.jpg?raw=true,0,20,,,,,
37,DCC,Christmas Day,https://github.com/Tozivn/futurelove/blob/main/29_Christmas%20face17/img587.jpg?raw=true,https://github.com/Tozivn/futurelove/blob/main/29_Christmas%20face17/img587.jpg?raw=true,0,20,,,,,
38,DCC,Christmas Day,https://github.com/Tozivn/futurelove/blob/main/29_Christmas%20face17/img588.jpg?raw=true,https://github.com/Tozivn/futurelove/blob/main/29_Christmas%20face17/img588.jpg?raw=true,0,20,,,,,
39,DCC,Christmas Day,https://github.com/Tozivn/futurelove/blob/main/29_Christmas%20face17/img589.jpg?raw=true,https://github.com/Tozivn/futurelove/blob/main/29_Christmas%20face17/img589.jpg?raw=true,0,20,,,,,
40,DCC,Christmas Day,https://github.com/Tozivn/futurelove/blob/main/29_Christmas%20face17/img590.jpg?raw=true,https://github.com/Tozivn/futurelove/blob/main/29_Christmas%20face17/img590.jpg?raw=true,0,24,,,,,
41,DCC,Christmas Day,https://github.com/Tozivn/futurelove/blob/main/29_Christmas%20face17/img591.jpg?raw=true,https://github.com/Tozivn/futurelove/blob/main/29_Christmas%20face17/img591.jpg?raw=true,0,24,,,,,
42,DCC,Christmas Day,https://github.com/Tozivn/futurelove/blob/main/29_Christmas%20face17/img592.jpg?raw=true,https://github.com/Tozivn/futurelove/blob/main/29_Christmas%20face17/img592.jpg?raw=true,0,24,,,,,
43,DCC,Christmas Day,https://github.com/Tozivn/futurelove/blob/main/29_Christmas%20face17/img593.jpg?raw=true,https://github.com/Tozivn/futurelove/blob/main/29_Christmas%20face17/img593.jpg?raw=true,0,24,,,,,
44,DCC,Christmas Day,https://github.com/Tozivn/futurelove/blob/main/29_Christmas%20face17/img594.jpg?raw=true,https://github.com/Tozivn/futurelove/blob/main/29_Christmas%20face17/img594.jpg?raw=true,0,24,,,,,
45,DCC,Christmas Day,https://github.com/Tozivn/futurelove/blob/main/29_Christmas%20face17/img595.jpg?raw=true,https://github.com/Tozivn/futurelove/blob/main/29_Christmas%20face17/img595.jpg?raw=true,0,24,,,,,
46,DCC,Christmas Day,https://github.com/Tozivn/futurelove/blob/main/29_Christmas%20face17/img596.jpg?raw=true,https://github.com/Tozivn/futurelove/blob/main/29_Christmas%20face17/img596.jpg?raw=true,0,24,,,,,
47,DCC,Christmas Day,https://github.com/Tozivn/futurelove/blob/main/29_Christmas%20face17/img597.jpg?raw=true,https://github.com/Tozivn/futurelove/blob/main/29_Christmas%20face17/img597.jpg?raw=true,0,24,,,,,
48,DCC,Christmas Day,https://github.com/Tozivn/futurelove/blob/main/29_Christmas%20face17/img598.jpg?raw=true,https://github.com/Tozivn/futurelove/blob/main/29_Christmas%20face17/img598.jpg?raw=true,0,21,,,,,
49,DCC,Christmas Day,https://github.com/Tozivn/futurelove/blob/main/29_Christmas%20face17/img599.jpg?raw=true,https://github.com/Tozivn/futurelove/blob/main/29_Christmas%20face17/img599.jpg?raw=true,0,21,,,,,
50,DCC,Christmas Day,https://github.com/Tozivn/futurelove/blob/main/29_Christmas%20face17/img600.jpg?raw=true,https://github.com/Tozivn/futurelove/blob/main/29_Christmas%20face17/img600.jpg?raw=true,0,21,,,,,