id,mask,thongtin,image,nu,nam,dotuoi,danam,danu,ngswap,vtrinam,tomLuocText
1,DCC,Christmas Day,https://github.com/Tozivn/futurelove/blob/main/17_Christmas%20%20face5/a1.jpg?raw=true,,https://github.com/Tozivn/futurelove/blob/main/17_Christmas%20%20face5/a1.jpg?raw=true,35,,,,,
2,DCC,Christmas Day,https://github.com/Tozivn/futurelove/blob/main/17_Christmas%20%20face5/a2.jpg?raw=true,,https://github.com/Tozivn/futurelove/blob/main/17_Christmas%20%20face5/a2.jpg?raw=true,35,,,,,
3,DCC,Christmas Day,https://github.com/Tozivn/futurelove/blob/main/17_Christmas%20%20face5/b17.jpg?raw=true,https://github.com/Tozivn/futurelove/blob/main/17_Christmas%20%20face5/b17.jpg?raw=true,0,6,,,,,
4,DCC,Christmas Day,https://github.com/Tozivn/futurelove/blob/main/17_Christmas%20%20face5/b18.jpg?raw=true,https://github.com/Tozivn/futurelove/blob/main/17_Christmas%20%20face5/b18.jpg?raw=true,0,6,,,,,
5,DCC,Christmas Day,https://github.com/Tozivn/futurelove/blob/main/17_Christmas%20%20face5/b19.jpg?raw=true,https://github.com/Tozivn/futurelove/blob/main/17_Christmas%20%20face5/b19.jpg?raw=true,0,6,,,,,
6,DCC,Christmas Day,https://github.com/Tozivn/futurelove/blob/main/17_Christmas%20%20face5/b20.jpg?raw=true,https://github.com/Tozivn/futurelove/blob/main/17_Christmas%20%20face5/b20.jpg?raw=true,0,6,,,,,
7,DCC,Christmas Day,https://github.com/Tozivn/futurelove/blob/main/17_Christmas%20%20face5/b21.jpg?raw=true,https://github.com/Tozivn/futurelove/blob/main/17_Christmas%20%20face5/b21.jpg?raw=true,0,6,,,,,
8,DCC,Christmas Day,https://github.com/Tozivn/futurelove/blob/main/17_Christmas%20%20face5/b22.jpg?raw=true,https://github.com/Tozivn/futurelove/blob/main/17_Christmas%20%20face5/b22.jpg?raw=true,0,6,,,,,
9,DCC,Christmas Day,https://github.com/Tozivn/futurelove/blob/main/17_Christmas%20%20face5/b23.jpg?raw=true,https://github.com/Tozivn/futurelove/blob/main/17_Christmas%20%20face5/b23.jpg?raw=true,0,6,,,,,
10,DCC,Christmas Day,https://github.com/Tozivn/futurelove/blob/main/17_Christmas%20%20face5/b24.jpg?raw=true,https://github.com/Tozivn/futurelove/blob/main/17_Christmas%20%20face5/b24.jpg?raw=true,0,6,,,,,
11,DCC,Christmas Day,https://github.com/Tozivn/futurelove/blob/main/17_Christmas%20%20face5/b25.jpg?raw=true,https://github.com/Tozivn/futurelove/blob/main/17_Christmas%20%20face5/b25.jpg?raw=true,0,6,,,,,
12,DCC,Christmas Day,https://github.com/Tozivn/futurelove/blob/main/17_Christmas%20%20face5/b26.jpg?raw=true,https://github.com/Tozivn/futurelove/blob/main/17_Christmas%20%20face5/b26.jpg?raw=true,0,3,,,,,
13,DCC,Christmas Day,https://github.com/Tozivn/futurelove/blob/main/17_Christmas%20%20face5/b27.jpg?raw=true,https://github.com/Tozivn/futurelove/blob/main/17_Christmas%20%20face5/b27.jpg?raw=true,0,3,,,,,
14,DCC,Christmas Day,https://github.com/Tozivn/futurelove/blob/main/17_Christmas%20%20face5/b28.jpg?raw=true,https://github.com/Tozivn/futurelove/blob/main/17_Christmas%20%20face5/b28.jpg?raw=true,0,3,,,,,
15,DCC,Christmas Day,https://github.com/Tozivn/futurelove/blob/main/17_Christmas%20%20face5/b56.jpg?raw=true,,https://github.com/Tozivn/futurelove/blob/main/17_Christmas%20%20face5/b56.jpg?raw=true,3,,,,,
16,DCC,Christmas Day,https://github.com/Tozivn/futurelove/blob/main/17_Christmas%20%20face5/b57.jpg?raw=true,,https://github.com/Tozivn/futurelove/blob/main/17_Christmas%20%20face5/b57.jpg?raw=true,3,,,,,
17,DCC,Christmas Day,https://github.com/Tozivn/futurelove/blob/main/17_Christmas%20%20face5/b58.jpg?raw=true,,https://github.com/Tozivn/futurelove/blob/main/17_Christmas%20%20face5/b58.jpg?raw=true,3,,,,,
18,DCC,Christmas Day,https://github.com/Tozivn/futurelove/blob/main/17_Christmas%20%20face5/b59.jpg?raw=true,,https://github.com/Tozivn/futurelove/blob/main/17_Christmas%20%20face5/b59.jpg?raw=true,3,,,,,
19,DCC,Christmas Day,https://github.com/Tozivn/futurelove/blob/main/17_Christmas%20%20face5/b60.jpg?raw=true,,https://github.com/Tozivn/futurelove/blob/main/17_Christmas%20%20face5/b60.jpg?raw=true,3,,,,,
20,DCC,Christmas Day,https://github.com/Tozivn/futurelove/blob/main/17_Christmas%20%20face5/b61.jpg?raw=true,,https://github.com/Tozivn/futurelove/blob/main/17_Christmas%20%20face5/b61.jpg?raw=true,3,,,,,
21,DCC,Christmas Day,https://github.com/Tozivn/futurelove/blob/main/17_Christmas%20%20face5/b62.jpg?raw=true,,https://github.com/Tozivn/futurelove/blob/main/17_Christmas%20%20face5/b62.jpg?raw=true,4,,,,,
22,DCC,Christmas Day,https://github.com/Tozivn/futurelove/blob/main/17_Christmas%20%20face5/b63.jpg?raw=true,,https://github.com/Tozivn/futurelove/blob/main/17_Christmas%20%20face5/b63.jpg?raw=true,4,,,,,
23,DCC,Christmas Day,https://github.com/Tozivn/futurelove/blob/main/17_Christmas%20%20face5/b64.jpg?raw=true,,https://github.com/Tozivn/futurelove/blob/main/17_Christmas%20%20face5/b64.jpg?raw=true,6,,,,,
24,DCC,Christmas Day,https://github.com/Tozivn/futurelove/blob/main/17_Christmas%20%20face5/b65.jpg?raw=true,,https://github.com/Tozivn/futurelove/blob/main/17_Christmas%20%20face5/b65.jpg?raw=true,6,,,,,
25,DCC,Christmas Day,https://github.com/Tozivn/futurelove/blob/main/17_Christmas%20%20face5/b67.jpg?raw=true,,https://github.com/Tozivn/futurelove/blob/main/17_Christmas%20%20face5/b67.jpg?raw=true,6,,,,,
26,DCC,Christmas Day,https://github.com/Tozivn/futurelove/blob/main/17_Christmas%20%20face5/b68.jpg?raw=true,,https://github.com/Tozivn/futurelove/blob/main/17_Christmas%20%20face5/b68.jpg?raw=true,6,,,,,
27,DCC,Christmas Day,https://github.com/Tozivn/futurelove/blob/main/17_Christmas%20%20face5/img109.jpg?raw=true,https://github.com/Tozivn/futurelove/blob/main/17_Christmas%20%20face5/img109.jpg?raw=true,0,4,,,,,
28,DCC,Christmas Day,https://github.com/Tozivn/futurelove/blob/main/17_Christmas%20%20face5/img110.jpg?raw=true,https://github.com/Tozivn/futurelove/blob/main/17_Christmas%20%20face5/img110.jpg?raw=true,0,1,,,,,
29,DCC,Christmas Day,https://github.com/Tozivn/futurelove/blob/main/17_Christmas%20%20face5/img111.jpg?raw=true,https://github.com/Tozivn/futurelove/blob/main/17_Christmas%20%20face5/img111.jpg?raw=true,0,1,,,,,
30,DCC,Christmas Day,https://github.com/Tozivn/futurelove/blob/main/17_Christmas%20%20face5/img112.jpg?raw=true,https://github.com/Tozivn/futurelove/blob/main/17_Christmas%20%20face5/img112.jpg?raw=true,0,1,,,,,
31,DCC,Christmas Day,https://github.com/Tozivn/futurelove/blob/main/17_Christmas%20%20face5/img136.jpg?raw=true,https://github.com/Tozivn/futurelove/blob/main/17_Christmas%20%20face5/img136.jpg?raw=true,0,24,,,,,
32,DCC,Christmas Day,https://github.com/Tozivn/futurelove/blob/main/17_Christmas%20%20face5/img137.jpg?raw=true,https://github.com/Tozivn/futurelove/blob/main/17_Christmas%20%20face5/img137.jpg?raw=true,0,24,,,,,
33,DCC,Christmas Day,https://github.com/Tozivn/futurelove/blob/main/17_Christmas%20%20face5/img138.jpg?raw=true,https://github.com/Tozivn/futurelove/blob/main/17_Christmas%20%20face5/img138.jpg?raw=true,0,24,,,,,
34,DCC,Christmas Day,https://github.com/Tozivn/futurelove/blob/main/17_Christmas%20%20face5/img139.jpg?raw=true,https://github.com/Tozivn/futurelove/blob/main/17_Christmas%20%20face5/img139.jpg?raw=true,0,24,,,,,
35,DCC,Christmas Day,https://github.com/Tozivn/futurelove/blob/main/17_Christmas%20%20face5/img144.jpg?raw=true,https://github.com/Tozivn/futurelove/blob/main/17_Christmas%20%20face5/img144.jpg?raw=true,0,3,,,,,
36,DCC,Christmas Day,https://github.com/Tozivn/futurelove/blob/main/17_Christmas%20%20face5/img145.jpg?raw=true,https://github.com/Tozivn/futurelove/blob/main/17_Christmas%20%20face5/img145.jpg?raw=true,0,3,,,,,
37,DCC,Christmas Day,https://github.com/Tozivn/futurelove/blob/main/17_Christmas%20%20face5/img186.jpg?raw=true,https://github.com/Tozivn/futurelove/blob/main/17_Christmas%20%20face5/img186.jpg?raw=true,0,18,,,,,
38,DCC,Christmas Day,https://github.com/Tozivn/futurelove/blob/main/17_Christmas%20%20face5/img187.jpg?raw=true,https://github.com/Tozivn/futurelove/blob/main/17_Christmas%20%20face5/img187.jpg?raw=true,0,18,,,,,
39,DCC,Christmas Day,https://github.com/Tozivn/futurelove/blob/main/17_Christmas%20%20face5/img188.jpg?raw=true,https://github.com/Tozivn/futurelove/blob/main/17_Christmas%20%20face5/img188.jpg?raw=true,0,18,,,,,
40,DCC,Christmas Day,https://github.com/Tozivn/futurelove/blob/main/17_Christmas%20%20face5/img189.jpg?raw=true,https://github.com/Tozivn/futurelove/blob/main/17_Christmas%20%20face5/img189.jpg?raw=true,0,18,,,,,
41,DCC,Christmas Day,https://github.com/Tozivn/futurelove/blob/main/17_Christmas%20%20face5/img190.jpg?raw=true,https://github.com/Tozivn/futurelove/blob/main/17_Christmas%20%20face5/img190.jpg?raw=true,0,18,,,,,
42,DCC,Christmas Day,https://github.com/Tozivn/futurelove/blob/main/17_Christmas%20%20face5/img191.jpg?raw=true,https://github.com/Tozivn/futurelove/blob/main/17_Christmas%20%20face5/img191.jpg?raw=true,0,18,,,,,
43,DCC,Christmas Day,https://github.com/Tozivn/futurelove/blob/main/17_Christmas%20%20face5/img192.jpg?raw=true,https://github.com/Tozivn/futurelove/blob/main/17_Christmas%20%20face5/img192.jpg?raw=true,0,18,,,,,
44,DCC,Christmas Day,https://github.com/Tozivn/futurelove/blob/main/17_Christmas%20%20face5/img193.jpg?raw=true,https://github.com/Tozivn/futurelove/blob/main/17_Christmas%20%20face5/img193.jpg?raw=true,0,18,,,,,
45,DCC,Christmas Day,https://github.com/Tozivn/futurelove/blob/main/17_Christmas%20%20face5/img194.jpg?raw=true,https://github.com/Tozivn/futurelove/blob/main/17_Christmas%20%20face5/img194.jpg?raw=true,0,18,,,,,
46,DCC,Christmas Day,https://github.com/Tozivn/futurelove/blob/main/17_Christmas%20%20face5/img195.jpg?raw=true,https://github.com/Tozivn/futurelove/blob/main/17_Christmas%20%20face5/img195.jpg?raw=true,0,18,,,,,
47,DCC,Christmas Day,https://github.com/Tozivn/futurelove/blob/main/17_Christmas%20%20face5/img201.jpg?raw=true,https://github.com/Tozivn/futurelove/blob/main/17_Christmas%20%20face5/img201.jpg?raw=true,0,20,,,,,
48,DCC,Christmas Day,https://github.com/Tozivn/futurelove/blob/main/17_Christmas%20%20face5/img202.jpg?raw=true,https://github.com/Tozivn/futurelove/blob/main/17_Christmas%20%20face5/img202.jpg?raw=true,0,20,,,,,
49,DCC,Christmas Day,https://github.com/Tozivn/futurelove/blob/main/17_Christmas%20%20face5/img234.jpg?raw=true,https://github.com/Tozivn/futurelove/blob/main/17_Christmas%20%20face5/img234.jpg?raw=true,0,5,,,,,
50,DCC,Christmas Day,https://github.com/Tozivn/futurelove/blob/main/17_Christmas%20%20face5/img235.jpg?raw=true,https://github.com/Tozivn/futurelove/blob/main/17_Christmas%20%20face5/img235.jpg?raw=true,0,5,,,,,