id,mask,thongtin,image,nu,nam,dotuoi,danam,danu,ngswap,vtrinam,tomLuocText
1,DDC,Christmas Day,https://github.com/Tozivn/futurelove/blob/main/25_Christmas%20face13/img328.jpg?raw=true,https://github.com/Tozivn/futurelove/blob/main/25_Christmas%20face13/img328.jpg?raw=true,0,26					
2,DDC,Christmas Day,https://github.com/Tozivn/futurelove/blob/main/25_Christmas%20face13/img329.jpg?raw=true,https://github.com/Tozivn/futurelove/blob/main/25_Christmas%20face13/img329.jpg?raw=true,0,22					
3,DDC,Christmas Day,https://github.com/Tozivn/futurelove/blob/main/25_Christmas%20face13/img330.jpg?raw=true,https://github.com/Tozivn/futurelove/blob/main/25_Christmas%20face13/img330.jpg?raw=true,0,22					
4,DDC,Christmas Day,https://github.com/Tozivn/futurelove/blob/main/25_Christmas%20face13/img331.jpg?raw=true,https://github.com/Tozivn/futurelove/blob/main/25_Christmas%20face13/img331.jpg?raw=true,0,22					
5,DDC,Christmas Day,https://github.com/Tozivn/futurelove/blob/main/25_Christmas%20face13/img332.jpg?raw=true,https://github.com/Tozivn/futurelove/blob/main/25_Christmas%20face13/img332.jpg?raw=true,0,22					
6,DDC,Christmas Day,https://github.com/Tozivn/futurelove/blob/main/25_Christmas%20face13/img333.jpg?raw=true,https://github.com/Tozivn/futurelove/blob/main/25_Christmas%20face13/img333.jpg?raw=true,0,22					
7,DDC,Christmas Day,https://github.com/Tozivn/futurelove/blob/main/25_Christmas%20face13/img338.jpg?raw=true,https://github.com/Tozivn/futurelove/blob/main/25_Christmas%20face13/img338.jpg?raw=true,0,24					
8,DDC,Christmas Day,https://github.com/Tozivn/futurelove/blob/main/25_Christmas%20face13/img339.jpg?raw=true,https://github.com/Tozivn/futurelove/blob/main/25_Christmas%20face13/img339.jpg?raw=true,0,24					
9,DDC,Christmas Day,https://github.com/Tozivn/futurelove/blob/main/25_Christmas%20face13/img340.jpg?raw=true,https://github.com/Tozivn/futurelove/blob/main/25_Christmas%20face13/img340.jpg?raw=true,0,24					
10,DDC,Christmas Day,https://github.com/Tozivn/futurelove/blob/main/25_Christmas%20face13/img341.jpg?raw=true,https://github.com/Tozivn/futurelove/blob/main/25_Christmas%20face13/img341.jpg?raw=true,0,24					
11,DDC,Christmas Day,https://github.com/Tozivn/futurelove/blob/main/25_Christmas%20face13/img343.jpg?raw=true,https://github.com/Tozivn/futurelove/blob/main/25_Christmas%20face13/img343.jpg?raw=true,0,24					
12,DDC,Christmas Day,https://github.com/Tozivn/futurelove/blob/main/25_Christmas%20face13/img344.jpg?raw=true,https://github.com/Tozivn/futurelove/blob/main/25_Christmas%20face13/img344.jpg?raw=true,0,4					
13,DDC,Christmas Day,https://github.com/Tozivn/futurelove/blob/main/25_Christmas%20face13/img345.jpg?raw=true,https://github.com/Tozivn/futurelove/blob/main/25_Christmas%20face13/img345.jpg?raw=true,0,4					
14,DDC,Christmas Day,https://github.com/Tozivn/futurelove/blob/main/25_Christmas%20face13/img346.jpg?raw=true,https://github.com/Tozivn/futurelove/blob/main/25_Christmas%20face13/img346.jpg?raw=true,0,4					
15,DDC,Christmas Day,https://github.com/Tozivn/futurelove/blob/main/25_Christmas%20face13/img347.jpg?raw=true,https://github.com/Tozivn/futurelove/blob/main/25_Christmas%20face13/img347.jpg?raw=true,0,4					
16,DDC,Christmas Day,https://github.com/Tozivn/futurelove/blob/main/25_Christmas%20face13/img348.jpg?raw=true,https://github.com/Tozivn/futurelove/blob/main/25_Christmas%20face13/img348.jpg?raw=true,0,4					
17,DDC,Christmas Day,https://github.com/Tozivn/futurelove/blob/main/25_Christmas%20face13/img350.jpg?raw=true,https://github.com/Tozivn/futurelove/blob/main/25_Christmas%20face13/img350.jpg?raw=true,0,4					
18,DDC,Christmas Day,https://github.com/Tozivn/futurelove/blob/main/26_Christmas%20face14/img351.jpg?raw=true,https://github.com/Tozivn/futurelove/blob/main/26_Christmas%20face14/img351.jpg?raw=true,0,20					
19,DDC,Christmas Day,https://github.com/Tozivn/futurelove/blob/main/26_Christmas%20face14/img352.jpg?raw=true,https://github.com/Tozivn/futurelove/blob/main/26_Christmas%20face14/img352.jpg?raw=true,0,20					
20,DDC,Christmas Day,https://github.com/Tozivn/futurelove/blob/main/26_Christmas%20face14/img353.jpg?raw=true,https://github.com/Tozivn/futurelove/blob/main/26_Christmas%20face14/img353.jpg?raw=true,0,20					
21,DDC,Christmas Day,https://github.com/Tozivn/futurelove/blob/main/26_Christmas%20face14/img354.jpg?raw=true,https://github.com/Tozivn/futurelove/blob/main/26_Christmas%20face14/img354.jpg?raw=true,0,20					
22,DDC,Christmas Day,https://github.com/Tozivn/futurelove/blob/main/26_Christmas%20face14/img355.jpg?raw=true,https://github.com/Tozivn/futurelove/blob/main/26_Christmas%20face14/img355.jpg?raw=true,0,20					
23,DDC,Christmas Day,https://github.com/Tozivn/futurelove/blob/main/26_Christmas%20face14/img356.jpg?raw=true,https://github.com/Tozivn/futurelove/blob/main/26_Christmas%20face14/img356.jpg?raw=true,0,18					
24,DDC,Christmas Day,https://github.com/Tozivn/futurelove/blob/main/26_Christmas%20face14/img357.jpg?raw=true,https://github.com/Tozivn/futurelove/blob/main/26_Christmas%20face14/img357.jpg?raw=true,0,18					
25,DDC,Christmas Day,https://github.com/Tozivn/futurelove/blob/main/26_Christmas%20face14/img358.jpg?raw=true,https://github.com/Tozivn/futurelove/blob/main/26_Christmas%20face14/img358.jpg?raw=true,0,18					
26,DDC,Christmas Day,https://github.com/Tozivn/futurelove/blob/main/26_Christmas%20face14/img359.jpg?raw=true,https://github.com/Tozivn/futurelove/blob/main/26_Christmas%20face14/img359.jpg?raw=true,0,18					
27,DDC,Christmas Day,https://github.com/Tozivn/futurelove/blob/main/26_Christmas%20face14/img360.jpg?raw=true,https://github.com/Tozivn/futurelove/blob/main/26_Christmas%20face14/img360.jpg?raw=true,0,18					
28,DDC,Christmas Day,https://github.com/Tozivn/futurelove/blob/main/26_Christmas%20face14/img362.jpg?raw=true,https://github.com/Tozivn/futurelove/blob/main/26_Christmas%20face14/img362.jpg?raw=true,0,21					
29,DDC,Christmas Day,https://github.com/Tozivn/futurelove/blob/main/26_Christmas%20face14/img363.jpg?raw=true,https://github.com/Tozivn/futurelove/blob/main/26_Christmas%20face14/img363.jpg?raw=true,0,21					
30,DDC,Christmas Day,https://github.com/Tozivn/futurelove/blob/main/26_Christmas%20face14/img364.jpg?raw=true,https://github.com/Tozivn/futurelove/blob/main/26_Christmas%20face14/img364.jpg?raw=true,0,21					
31,DDC,Christmas Day,https://github.com/Tozivn/futurelove/blob/main/26_Christmas%20face14/img365.jpg?raw=true,https://github.com/Tozivn/futurelove/blob/main/26_Christmas%20face14/img365.jpg?raw=true,0,21					
32,DDC,Christmas Day,https://github.com/Tozivn/futurelove/blob/main/26_Christmas%20face14/img368.jpg?raw=true,https://github.com/Tozivn/futurelove/blob/main/26_Christmas%20face14/img368.jpg?raw=true,0,21					
33,DDC,Christmas Day,https://github.com/Tozivn/futurelove/blob/main/26_Christmas%20face14/img372.jpg?raw=true,https://github.com/Tozivn/futurelove/blob/main/26_Christmas%20face14/img372.jpg?raw=true,0,25					
34,DDC,Christmas Day,https://github.com/Tozivn/futurelove/blob/main/26_Christmas%20face14/img373.jpg?raw=true,https://github.com/Tozivn/futurelove/blob/main/26_Christmas%20face14/img373.jpg?raw=true,0,25					
35,DDC,Christmas Day,https://github.com/Tozivn/futurelove/blob/main/26_Christmas%20face14/img374.jpg?raw=true,https://github.com/Tozivn/futurelove/blob/main/26_Christmas%20face14/img374.jpg?raw=true,0,25					
36,DDC,Christmas Day,https://github.com/Tozivn/futurelove/blob/main/26_Christmas%20face14/img375.jpg?raw=true,https://github.com/Tozivn/futurelove/blob/main/26_Christmas%20face14/img375.jpg?raw=true,0,25					
37,DDC,Christmas Day,https://github.com/Tozivn/futurelove/blob/main/26_Christmas%20face14/img377.jpg?raw=true,https://github.com/Tozivn/futurelove/blob/main/26_Christmas%20face14/img377.jpg?raw=true,0,19					
38,DDC,Christmas Day,https://github.com/Tozivn/futurelove/blob/main/26_Christmas%20face14/img378.jpg?raw=true,https://github.com/Tozivn/futurelove/blob/main/26_Christmas%20face14/img378.jpg?raw=true,0,19					
39,DDC,Christmas Day,https://github.com/Tozivn/futurelove/blob/main/26_Christmas%20face14/img379.jpg?raw=true,https://github.com/Tozivn/futurelove/blob/main/26_Christmas%20face14/img379.jpg?raw=true,0,19					
40,DDC,Christmas Day,https://github.com/Tozivn/futurelove/blob/main/26_Christmas%20face14/img380.jpg?raw=true,https://github.com/Tozivn/futurelove/blob/main/26_Christmas%20face14/img380.jpg?raw=true,0,19					
41,DDC,Christmas Day,https://github.com/Tozivn/futurelove/blob/main/26_Christmas%20face14/img383.jpg?raw=true,https://github.com/Tozivn/futurelove/blob/main/26_Christmas%20face14/img383.jpg?raw=true,0,23					
42,DDC,Christmas Day,https://github.com/Tozivn/futurelove/blob/main/26_Christmas%20face14/img384.jpg?raw=true,https://github.com/Tozivn/futurelove/blob/main/26_Christmas%20face14/img384.jpg?raw=true,0,23					
43,DDC,Christmas Day,https://github.com/Tozivn/futurelove/blob/main/26_Christmas%20face14/img385.jpg?raw=true,https://github.com/Tozivn/futurelove/blob/main/26_Christmas%20face14/img385.jpg?raw=true,0,23					
44,DDC,Christmas Day,https://github.com/Tozivn/futurelove/blob/main/26_Christmas%20face14/img386.jpg?raw=true,https://github.com/Tozivn/futurelove/blob/main/26_Christmas%20face14/img386.jpg?raw=true,0,23					
45,DDC,Christmas Day,https://github.com/Tozivn/futurelove/blob/main/26_Christmas%20face14/img389.jpg?raw=true,https://github.com/Tozivn/futurelove/blob/main/26_Christmas%20face14/img389.jpg?raw=true,0,20					
46,DDC,Christmas Day,https://github.com/Tozivn/futurelove/blob/main/26_Christmas%20face14/img390.jpg?raw=true,https://github.com/Tozivn/futurelove/blob/main/26_Christmas%20face14/img390.jpg?raw=true,0,20					
47,DDC,Christmas Day,https://github.com/Tozivn/futurelove/blob/main/26_Christmas%20face14/img391.jpg?raw=true,https://github.com/Tozivn/futurelove/blob/main/26_Christmas%20face14/img391.jpg?raw=true,0,20					
48,DDC,Christmas Day,https://github.com/Tozivn/futurelove/blob/main/26_Christmas%20face14/img392.jpg?raw=true,https://github.com/Tozivn/futurelove/blob/main/26_Christmas%20face14/img392.jpg?raw=true,0,20					
49,DDC,Christmas Day,https://github.com/Tozivn/futurelove/blob/main/26_Christmas%20face14/img394.jpg?raw=true,https://github.com/Tozivn/futurelove/blob/main/26_Christmas%20face14/img394.jpg?raw=true,0,23					
50,DDC,Christmas Day,https://github.com/Tozivn/futurelove/blob/main/26_Christmas%20face14/img395.jpg?raw=true,https://github.com/Tozivn/futurelove/blob/main/26_Christmas%20face14/img395.jpg?raw=true,0,23					