id,mask,thongtin,image,nu,nam,dotuoi,danam,danu,ngswap,vtrinam,tomLuocText
1,DDC,Christmas Day,https://github.com/Tozivn/futurelove/blob/main/28_Christmas%20face16/img510.jpg?raw=true,https://github.com/Tozivn/futurelove/blob/main/28_Christmas%20face16/img510.jpg?raw=true,0,21					
2,DDC,Christmas Day,https://github.com/Tozivn/futurelove/blob/main/28_Christmas%20face16/img511.jpg?raw=true,https://github.com/Tozivn/futurelove/blob/main/28_Christmas%20face16/img511.jpg?raw=true,0,23					
3,DDC,Christmas Day,https://github.com/Tozivn/futurelove/blob/main/28_Christmas%20face16/img512.jpg?raw=true,https://github.com/Tozivn/futurelove/blob/main/28_Christmas%20face16/img512.jpg?raw=true,0,18					
4,DDC,Christmas Day,https://github.com/Tozivn/futurelove/blob/main/28_Christmas%20face16/img513.jpg?raw=true,https://github.com/Tozivn/futurelove/blob/main/28_Christmas%20face16/img513.jpg?raw=true,0,18					
5,DDC,Christmas Day,https://github.com/Tozivn/futurelove/blob/main/28_Christmas%20face16/img514.jpg?raw=true,https://github.com/Tozivn/futurelove/blob/main/28_Christmas%20face16/img514.jpg?raw=true,0,20					
6,DDC,Christmas Day,https://github.com/Tozivn/futurelove/blob/main/28_Christmas%20face16/img515.jpg?raw=true,https://github.com/Tozivn/futurelove/blob/main/28_Christmas%20face16/img515.jpg?raw=true,0,20					
7,DDC,Christmas Day,https://github.com/Tozivn/futurelove/blob/main/28_Christmas%20face16/img516.jpg?raw=true,https://github.com/Tozivn/futurelove/blob/main/28_Christmas%20face16/img516.jpg?raw=true,0,19					
8,DDC,Christmas Day,https://github.com/Tozivn/futurelove/blob/main/28_Christmas%20face16/img517.jpg?raw=true,https://github.com/Tozivn/futurelove/blob/main/28_Christmas%20face16/img517.jpg?raw=true,0,19					
9,DDC,Christmas Day,https://github.com/Tozivn/futurelove/blob/main/28_Christmas%20face16/img518.jpg?raw=true,https://github.com/Tozivn/futurelove/blob/main/28_Christmas%20face16/img518.jpg?raw=true,0,22					
10,DDC,Christmas Day,https://github.com/Tozivn/futurelove/blob/main/28_Christmas%20face16/img519.jpg?raw=true,https://github.com/Tozivn/futurelove/blob/main/28_Christmas%20face16/img519.jpg?raw=true,0,22					
11,DDC,Christmas Day,https://github.com/Tozivn/futurelove/blob/main/28_Christmas%20face16/img520.jpg?raw=true,https://github.com/Tozivn/futurelove/blob/main/28_Christmas%20face16/img520.jpg?raw=true,0,22					
12,DDC,Christmas Day,https://github.com/Tozivn/futurelove/blob/main/28_Christmas%20face16/img521.jpg?raw=true,https://github.com/Tozivn/futurelove/blob/main/28_Christmas%20face16/img521.jpg?raw=true,0,22					
13,DDC,Christmas Day,https://github.com/Tozivn/futurelove/blob/main/28_Christmas%20face16/img522.jpg?raw=true,https://github.com/Tozivn/futurelove/blob/main/28_Christmas%20face16/img522.jpg?raw=true,0,22					
14,DDC,Christmas Day,https://github.com/Tozivn/futurelove/blob/main/28_Christmas%20face16/img523.jpg?raw=true,https://github.com/Tozivn/futurelove/blob/main/28_Christmas%20face16/img523.jpg?raw=true,0,20					
15,DDC,Christmas Day,https://github.com/Tozivn/futurelove/blob/main/28_Christmas%20face16/img524.jpg?raw=true,https://github.com/Tozivn/futurelove/blob/main/28_Christmas%20face16/img524.jpg?raw=true,0,20					
16,DDC,Christmas Day,https://github.com/Tozivn/futurelove/blob/main/28_Christmas%20face16/img525.jpg?raw=true,https://github.com/Tozivn/futurelove/blob/main/28_Christmas%20face16/img525.jpg?raw=true,0,20					
17,DDC,Christmas Day,https://github.com/Tozivn/futurelove/blob/main/28_Christmas%20face16/img526.jpg?raw=true,https://github.com/Tozivn/futurelove/blob/main/28_Christmas%20face16/img526.jpg?raw=true,0,21					
18,DDC,Christmas Day,https://github.com/Tozivn/futurelove/blob/main/28_Christmas%20face16/img527.jpg?raw=true,https://github.com/Tozivn/futurelove/blob/main/28_Christmas%20face16/img527.jpg?raw=true,0,23					
19,DDC,Christmas Day,https://github.com/Tozivn/futurelove/blob/main/28_Christmas%20face16/img528.jpg?raw=true,https://github.com/Tozivn/futurelove/blob/main/28_Christmas%20face16/img528.jpg?raw=true,0,23					
20,DDC,Christmas Day,https://github.com/Tozivn/futurelove/blob/main/28_Christmas%20face16/img529.jpg?raw=true,https://github.com/Tozivn/futurelove/blob/main/28_Christmas%20face16/img529.jpg?raw=true,0,23					
21,DDC,Christmas Day,https://github.com/Tozivn/futurelove/blob/main/28_Christmas%20face16/img530.jpg?raw=true,https://github.com/Tozivn/futurelove/blob/main/28_Christmas%20face16/img530.jpg?raw=true,0,23					
22,DDC,Christmas Day,https://github.com/Tozivn/futurelove/blob/main/28_Christmas%20face16/img531.jpg?raw=true,https://github.com/Tozivn/futurelove/blob/main/28_Christmas%20face16/img531.jpg?raw=true,0,24					
23,DDC,Christmas Day,https://github.com/Tozivn/futurelove/blob/main/28_Christmas%20face16/img532.jpg?raw=true,https://github.com/Tozivn/futurelove/blob/main/28_Christmas%20face16/img532.jpg?raw=true,0,24					
24,DDC,Christmas Day,https://github.com/Tozivn/futurelove/blob/main/28_Christmas%20face16/img533.jpg?raw=true,https://github.com/Tozivn/futurelove/blob/main/28_Christmas%20face16/img533.jpg?raw=true,0,24					
25,DDC,Christmas Day,https://github.com/Tozivn/futurelove/blob/main/28_Christmas%20face16/img534.jpg?raw=true,https://github.com/Tozivn/futurelove/blob/main/28_Christmas%20face16/img534.jpg?raw=true,0,24					
26,DDC,Christmas Day,https://github.com/Tozivn/futurelove/blob/main/28_Christmas%20face16/img535.jpg?raw=true,https://github.com/Tozivn/futurelove/blob/main/28_Christmas%20face16/img535.jpg?raw=true,https://github.com/Tozivn/futurelove/blob/main/28_Christmas%20face16/img535.jpg?raw=true,29					
27,DDC,Christmas Day,https://github.com/Tozivn/futurelove/blob/main/28_Christmas%20face16/img536.jpg?raw=true,0,https://github.com/Tozivn/futurelove/blob/main/28_Christmas%20face16/img536.jpg?raw=true,30					
28,DDC,Christmas Day,https://github.com/Tozivn/futurelove/blob/main/28_Christmas%20face16/img537.jpg?raw=true,0,https://github.com/Tozivn/futurelove/blob/main/28_Christmas%20face16/img537.jpg?raw=true,28					
29,DDC,Christmas Day,https://github.com/Tozivn/futurelove/blob/main/28_Christmas%20face16/img538.jpg?raw=true,0,https://github.com/Tozivn/futurelove/blob/main/28_Christmas%20face16/img538.jpg?raw=true,25					
30,DDC,Christmas Day,https://github.com/Tozivn/futurelove/blob/main/28_Christmas%20face16/img539.jpg?raw=true,https://github.com/Tozivn/futurelove/blob/main/28_Christmas%20face16/img539.jpg?raw=true,https://github.com/Tozivn/futurelove/blob/main/28_Christmas%20face16/img539.jpg?raw=true,29					
31,DDC,Christmas Day,https://github.com/Tozivn/futurelove/blob/main/28_Christmas%20face16/img540.jpg?raw=true,0,https://github.com/Tozivn/futurelove/blob/main/28_Christmas%20face16/img540.jpg?raw=true,33					
32,DDC,Christmas Day,https://github.com/Tozivn/futurelove/blob/main/28_Christmas%20face16/img541.jpg?raw=true,https://github.com/Tozivn/futurelove/blob/main/28_Christmas%20face16/img541.jpg?raw=true,0,23					
33,DDC,Christmas Day,https://github.com/Tozivn/futurelove/blob/main/28_Christmas%20face16/img542.jpg?raw=true,https://github.com/Tozivn/futurelove/blob/main/28_Christmas%20face16/img542.jpg?raw=true,0,23					
34,DDC,Christmas Day,https://github.com/Tozivn/futurelove/blob/main/28_Christmas%20face16/img543.jpg?raw=true,https://github.com/Tozivn/futurelove/blob/main/28_Christmas%20face16/img543.jpg?raw=true,0,23					
35,DDC,Christmas Day,https://github.com/Tozivn/futurelove/blob/main/28_Christmas%20face16/img544.jpg?raw=true,https://github.com/Tozivn/futurelove/blob/main/28_Christmas%20face16/img544.jpg?raw=true,0,25					
36,DDC,Christmas Day,https://github.com/Tozivn/futurelove/blob/main/28_Christmas%20face16/img545.jpg?raw=true,https://github.com/Tozivn/futurelove/blob/main/28_Christmas%20face16/img545.jpg?raw=true,0,25					
37,DDC,Christmas Day,https://github.com/Tozivn/futurelove/blob/main/28_Christmas%20face16/img546.jpg?raw=true,https://github.com/Tozivn/futurelove/blob/main/28_Christmas%20face16/img546.jpg?raw=true,0,25					
38,DDC,Christmas Day,https://github.com/Tozivn/futurelove/blob/main/28_Christmas%20face16/img547.jpg?raw=true,https://github.com/Tozivn/futurelove/blob/main/28_Christmas%20face16/img547.jpg?raw=true,0,25					
39,DDC,Christmas Day,https://github.com/Tozivn/futurelove/blob/main/29_Christmas%20face17/img551.jpg?raw=true,https://github.com/Tozivn/futurelove/blob/main/29_Christmas%20face17/img551.jpg?raw=true,0,24					
40,DDC,Christmas Day,https://github.com/Tozivn/futurelove/blob/main/29_Christmas%20face17/img552.jpg?raw=true,https://github.com/Tozivn/futurelove/blob/main/29_Christmas%20face17/img552.jpg?raw=true,0,26					
41,DDC,Christmas Day,https://github.com/Tozivn/futurelove/blob/main/29_Christmas%20face17/img553.jpg?raw=true,https://github.com/Tozivn/futurelove/blob/main/29_Christmas%20face17/img553.jpg?raw=true,0,22					
42,DDC,Christmas Day,https://github.com/Tozivn/futurelove/blob/main/29_Christmas%20face17/img554.jpg?raw=true,https://github.com/Tozivn/futurelove/blob/main/29_Christmas%20face17/img554.jpg?raw=true,0,22					
43,DDC,Christmas Day,https://github.com/Tozivn/futurelove/blob/main/29_Christmas%20face17/img555.jpg?raw=true,https://github.com/Tozivn/futurelove/blob/main/29_Christmas%20face17/img555.jpg?raw=true,0,22					
44,DDC,Christmas Day,https://github.com/Tozivn/futurelove/blob/main/29_Christmas%20face17/img556.jpg?raw=true,https://github.com/Tozivn/futurelove/blob/main/29_Christmas%20face17/img556.jpg?raw=true,0,22					
45,DDC,Christmas Day,https://github.com/Tozivn/futurelove/blob/main/29_Christmas%20face17/img557.jpg?raw=true,https://github.com/Tozivn/futurelove/blob/main/29_Christmas%20face17/img557.jpg?raw=true,0,22					
46,DDC,Christmas Day,https://github.com/Tozivn/futurelove/blob/main/29_Christmas%20face17/img559.jpg?raw=true,https://github.com/Tozivn/futurelove/blob/main/29_Christmas%20face17/img559.jpg?raw=true,0,23					
47,DDC,Christmas Day,https://github.com/Tozivn/futurelove/blob/main/29_Christmas%20face17/img560.jpg?raw=true,https://github.com/Tozivn/futurelove/blob/main/29_Christmas%20face17/img560.jpg?raw=true,0,23					
48,DDC,Christmas Day,https://github.com/Tozivn/futurelove/blob/main/29_Christmas%20face17/img561.jpg?raw=true,https://github.com/Tozivn/futurelove/blob/main/29_Christmas%20face17/img561.jpg?raw=true,0,23					
49,DDC,Christmas Day,https://github.com/Tozivn/futurelove/blob/main/29_Christmas%20face17/img562.jpg?raw=true,https://github.com/Tozivn/futurelove/blob/main/29_Christmas%20face17/img562.jpg?raw=true,0,23					
50,DDC,Christmas Day,https://github.com/Tozivn/futurelove/blob/main/29_Christmas%20face17/img568.jpg?raw=true,https://github.com/Tozivn/futurelove/blob/main/29_Christmas%20face17/img568.jpg?raw=true,0,21					