id,mask,thongtin,image,nu,nam,dotuoi,danam,danu,ngswap,vtrinam,tomLuocText
1,DDC,Christmas Day,https://github.com/Tozivn/futurelove/blob/main/24_Christmas%20face12/img261.jpg?raw=true,https://github.com/Tozivn/futurelove/blob/main/24_Christmas%20face12/img261.jpg?raw=true,0,23					
2,DDC,Christmas Day,https://github.com/Tozivn/futurelove/blob/main/24_Christmas%20face12/img262.jpg?raw=true,https://github.com/Tozivn/futurelove/blob/main/24_Christmas%20face12/img262.jpg?raw=true,0,23					
3,DDC,Christmas Day,https://github.com/Tozivn/futurelove/blob/main/24_Christmas%20face12/img263.jpg?raw=true,https://github.com/Tozivn/futurelove/blob/main/24_Christmas%20face12/img263.jpg?raw=true,0,23					
4,DDC,Christmas Day,https://github.com/Tozivn/futurelove/blob/main/24_Christmas%20face12/img264.jpg?raw=true,https://github.com/Tozivn/futurelove/blob/main/24_Christmas%20face12/img264.jpg?raw=true,0,23					
5,DDC,Christmas Day,https://github.com/Tozivn/futurelove/blob/main/24_Christmas%20face12/img265.jpg?raw=true,https://github.com/Tozivn/futurelove/blob/main/24_Christmas%20face12/img265.jpg?raw=true,0,21					
6,DDC,Christmas Day,https://github.com/Tozivn/futurelove/blob/main/24_Christmas%20face12/img266.jpg?raw=true,https://github.com/Tozivn/futurelove/blob/main/24_Christmas%20face12/img266.jpg?raw=true,0,21					
7,DDC,Christmas Day,https://github.com/Tozivn/futurelove/blob/main/24_Christmas%20face12/img267.jpg?raw=true,https://github.com/Tozivn/futurelove/blob/main/24_Christmas%20face12/img267.jpg?raw=true,0,21					
8,DDC,Christmas Day,https://github.com/Tozivn/futurelove/blob/main/24_Christmas%20face12/img268.jpg?raw=true,https://github.com/Tozivn/futurelove/blob/main/24_Christmas%20face12/img268.jpg?raw=true,0,21					
9,DDC,Christmas Day,https://github.com/Tozivn/futurelove/blob/main/24_Christmas%20face12/img269.jpg?raw=true,https://github.com/Tozivn/futurelove/blob/main/24_Christmas%20face12/img269.jpg?raw=true,0,21					
10,DDC,Christmas Day,https://github.com/Tozivn/futurelove/blob/main/24_Christmas%20face12/img270.jpg?raw=true,https://github.com/Tozivn/futurelove/blob/main/24_Christmas%20face12/img270.jpg?raw=true,0,19					
11,DDC,Christmas Day,https://github.com/Tozivn/futurelove/blob/main/24_Christmas%20face12/img271.jpg?raw=true,https://github.com/Tozivn/futurelove/blob/main/24_Christmas%20face12/img271.jpg?raw=true,0,26					
12,DDC,Christmas Day,https://github.com/Tozivn/futurelove/blob/main/24_Christmas%20face12/img272.jpg?raw=true,https://github.com/Tozivn/futurelove/blob/main/24_Christmas%20face12/img272.jpg?raw=true,0,26					
13,DDC,Christmas Day,https://github.com/Tozivn/futurelove/blob/main/24_Christmas%20face12/img273.jpg?raw=true,https://github.com/Tozivn/futurelove/blob/main/24_Christmas%20face12/img273.jpg?raw=true,0,26					
14,DDC,Christmas Day,https://github.com/Tozivn/futurelove/blob/main/24_Christmas%20face12/img274.jpg?raw=true,https://github.com/Tozivn/futurelove/blob/main/24_Christmas%20face12/img274.jpg?raw=true,0,17					
15,DDC,Christmas Day,https://github.com/Tozivn/futurelove/blob/main/24_Christmas%20face12/img275.jpg?raw=true,https://github.com/Tozivn/futurelove/blob/main/24_Christmas%20face12/img275.jpg?raw=true,0,17					
16,DDC,Christmas Day,https://github.com/Tozivn/futurelove/blob/main/24_Christmas%20face12/img276.jpg?raw=true,https://github.com/Tozivn/futurelove/blob/main/24_Christmas%20face12/img276.jpg?raw=true,0,17					
17,DDC,Christmas Day,https://github.com/Tozivn/futurelove/blob/main/24_Christmas%20face12/img277.jpg?raw=true,https://github.com/Tozivn/futurelove/blob/main/24_Christmas%20face12/img277.jpg?raw=true,0,17					
18,DDC,Christmas Day,https://github.com/Tozivn/futurelove/blob/main/24_Christmas%20face12/img283.jpg?raw=true,https://github.com/Tozivn/futurelove/blob/main/24_Christmas%20face12/img283.jpg?raw=true,0,25					
19,DDC,Christmas Day,https://github.com/Tozivn/futurelove/blob/main/24_Christmas%20face12/img284.jpg?raw=true,https://github.com/Tozivn/futurelove/blob/main/24_Christmas%20face12/img284.jpg?raw=true,0,25					
20,DDC,Christmas Day,https://github.com/Tozivn/futurelove/blob/main/24_Christmas%20face12/img285.jpg?raw=true,https://github.com/Tozivn/futurelove/blob/main/24_Christmas%20face12/img285.jpg?raw=true,0,25					
21,DDC,Christmas Day,https://github.com/Tozivn/futurelove/blob/main/24_Christmas%20face12/img286.jpg?raw=true,https://github.com/Tozivn/futurelove/blob/main/24_Christmas%20face12/img286.jpg?raw=true,0,25					
22,DDC,Christmas Day,https://github.com/Tozivn/futurelove/blob/main/24_Christmas%20face12/img287.jpg?raw=true,https://github.com/Tozivn/futurelove/blob/main/24_Christmas%20face12/img287.jpg?raw=true,0,22					
23,DDC,Christmas Day,https://github.com/Tozivn/futurelove/blob/main/24_Christmas%20face12/img288.jpg?raw=true,https://github.com/Tozivn/futurelove/blob/main/24_Christmas%20face12/img288.jpg?raw=true,0,22					
24,DDC,Christmas Day,https://github.com/Tozivn/futurelove/blob/main/24_Christmas%20face12/img289.jpg?raw=true,https://github.com/Tozivn/futurelove/blob/main/24_Christmas%20face12/img289.jpg?raw=true,0,22					
25,DDC,Christmas Day,https://github.com/Tozivn/futurelove/blob/main/24_Christmas%20face12/img290.jpg?raw=true,https://github.com/Tozivn/futurelove/blob/main/24_Christmas%20face12/img290.jpg?raw=true,0,22					
26,DDC,Christmas Day,https://github.com/Tozivn/futurelove/blob/main/24_Christmas%20face12/img292.jpg?raw=true,https://github.com/Tozivn/futurelove/blob/main/24_Christmas%20face12/img292.jpg?raw=true,0,22					
27,DDC,Christmas Day,https://github.com/Tozivn/futurelove/blob/main/24_Christmas%20face12/img298.jpg?raw=true,https://github.com/Tozivn/futurelove/blob/main/24_Christmas%20face12/img298.jpg?raw=true,0,19					
28,DDC,Christmas Day,https://github.com/Tozivn/futurelove/blob/main/24_Christmas%20face12/img299.jpg?raw=true,https://github.com/Tozivn/futurelove/blob/main/24_Christmas%20face12/img299.jpg?raw=true,0,19					
29,DDC,Christmas Day,https://github.com/Tozivn/futurelove/blob/main/24_Christmas%20face12/img300.jpg?raw=true,https://github.com/Tozivn/futurelove/blob/main/24_Christmas%20face12/img300.jpg?raw=true,0,19					
30,DDC,Christmas Day,https://github.com/Tozivn/futurelove/blob/main/25_Christmas%20face13/img301.jpg?raw=true,https://github.com/Tozivn/futurelove/blob/main/25_Christmas%20face13/img301.jpg?raw=true,0,21					
31,DDC,Christmas Day,https://github.com/Tozivn/futurelove/blob/main/25_Christmas%20face13/img302.jpg?raw=true,https://github.com/Tozivn/futurelove/blob/main/25_Christmas%20face13/img302.jpg?raw=true,0,20					
32,DDC,Christmas Day,https://github.com/Tozivn/futurelove/blob/main/25_Christmas%20face13/img303.jpg?raw=true,https://github.com/Tozivn/futurelove/blob/main/25_Christmas%20face13/img303.jpg?raw=true,0,20					
33,DDC,Christmas Day,https://github.com/Tozivn/futurelove/blob/main/25_Christmas%20face13/img304.jpg?raw=true,https://github.com/Tozivn/futurelove/blob/main/25_Christmas%20face13/img304.jpg?raw=true,0,20					
34,DDC,Christmas Day,https://github.com/Tozivn/futurelove/blob/main/25_Christmas%20face13/img305.jpg?raw=true,https://github.com/Tozivn/futurelove/blob/main/25_Christmas%20face13/img305.jpg?raw=true,0,20					
35,DDC,Christmas Day,https://github.com/Tozivn/futurelove/blob/main/25_Christmas%20face13/img306.jpg?raw=true,https://github.com/Tozivn/futurelove/blob/main/25_Christmas%20face13/img306.jpg?raw=true,0,20					
36,DDC,Christmas Day,https://github.com/Tozivn/futurelove/blob/main/25_Christmas%20face13/img308.jpg?raw=true,https://github.com/Tozivn/futurelove/blob/main/25_Christmas%20face13/img308.jpg?raw=true,0,23					
37,DDC,Christmas Day,https://github.com/Tozivn/futurelove/blob/main/25_Christmas%20face13/img309.jpg?raw=true,https://github.com/Tozivn/futurelove/blob/main/25_Christmas%20face13/img309.jpg?raw=true,0,23					
38,DDC,Christmas Day,https://github.com/Tozivn/futurelove/blob/main/25_Christmas%20face13/img310.jpg?raw=true,https://github.com/Tozivn/futurelove/blob/main/25_Christmas%20face13/img310.jpg?raw=true,0,17					
39,DDC,Christmas Day,https://github.com/Tozivn/futurelove/blob/main/25_Christmas%20face13/img311.jpg?raw=true,https://github.com/Tozivn/futurelove/blob/main/25_Christmas%20face13/img311.jpg?raw=true,0,17					
40,DDC,Christmas Day,https://github.com/Tozivn/futurelove/blob/main/25_Christmas%20face13/img312.jpg?raw=true,https://github.com/Tozivn/futurelove/blob/main/25_Christmas%20face13/img312.jpg?raw=true,0,17					
41,DDC,Christmas Day,https://github.com/Tozivn/futurelove/blob/main/25_Christmas%20face13/img312.jpg?raw=true,https://github.com/Tozivn/futurelove/blob/main/25_Christmas%20face13/img312.jpg?raw=true,0,17					
42,DDC,Christmas Day,https://github.com/Tozivn/futurelove/blob/main/25_Christmas%20face13/img315.jpg?raw=true,https://github.com/Tozivn/futurelove/blob/main/25_Christmas%20face13/img315.jpg?raw=true,0,24					
43,DDC,Christmas Day,https://github.com/Tozivn/futurelove/blob/main/25_Christmas%20face13/img316.jpg?raw=true,https://github.com/Tozivn/futurelove/blob/main/25_Christmas%20face13/img316.jpg?raw=true,0,24					
44,DDC,Christmas Day,https://github.com/Tozivn/futurelove/blob/main/25_Christmas%20face13/img317.jpg?raw=true,https://github.com/Tozivn/futurelove/blob/main/25_Christmas%20face13/img317.jpg?raw=true,0,24					
45,DDC,Christmas Day,https://github.com/Tozivn/futurelove/blob/main/25_Christmas%20face13/img318.jpg?raw=true,https://github.com/Tozivn/futurelove/blob/main/25_Christmas%20face13/img318.jpg?raw=true,0,24					
46,DDC,Christmas Day,https://github.com/Tozivn/futurelove/blob/main/25_Christmas%20face13/img323.jpg?raw=true,https://github.com/Tozivn/futurelove/blob/main/25_Christmas%20face13/img323.jpg?raw=true,0,26					
47,DDC,Christmas Day,https://github.com/Tozivn/futurelove/blob/main/25_Christmas%20face13/img324.jpg?raw=true,https://github.com/Tozivn/futurelove/blob/main/25_Christmas%20face13/img324.jpg?raw=true,0,26					
48,DDC,Christmas Day,https://github.com/Tozivn/futurelove/blob/main/25_Christmas%20face13/img325.jpg?raw=true,https://github.com/Tozivn/futurelove/blob/main/25_Christmas%20face13/img325.jpg?raw=true,0,26					
49,DDC,Christmas Day,https://github.com/Tozivn/futurelove/blob/main/25_Christmas%20face13/img326.jpg?raw=true,https://github.com/Tozivn/futurelove/blob/main/25_Christmas%20face13/img326.jpg?raw=true,0,26					
50,DDC,Christmas Day,https://github.com/Tozivn/futurelove/blob/main/25_Christmas%20face13/img327.jpg?raw=true,https://github.com/Tozivn/futurelove/blob/main/25_Christmas%20face13/img327.jpg?raw=true,0,26					